tick,timestamp,speed_ms,location_x,location_y,control_mode,collision,lane_invasion,is_avoiding
1,0.002788066864013672,3.29,16.98,-193.58,autopilot,False,False,False
2,0.02552485466003418,3.34,17.05,-193.57,autopilot,False,False,False
3,0.05051684379577637,3.4,17.13,-193.57,autopilot,False,False,False
4,0.0714111328125,3.45,17.2,-193.57,autopilot,False,False,False
5,0.09349417686462402,3.5,17.28,-193.57,autopilot,False,False,False
6,0.1151573657989502,3.55,17.36,-193.57,autopilot,False,False,False
7,0.13561415672302246,3.6,17.43,-193.57,autopilot,False,False,False
8,0.15637755393981934,3.65,17.5,-193.56,autopilot,False,False,False
9,0.1807858943939209,3.71,17.6,-193.56,autopilot,False,False,False
10,0.20329952239990234,3.76,17.68,-193.56,autopilot,False,False,False
11,0.2236948013305664,3.81,17.76,-193.56,autopilot,False,False,False
12,0.24950599670410156,3.87,17.86,-193.55,autopilot,False,False,False
13,0.2746400833129883,3.93,17.96,-193.55,autopilot,False,False,False
14,0.2993149757385254,3.98,18.05,-193.55,autopilot,False,False,False
15,0.32415008544921875,4.04,18.15,-193.55,autopilot,False,False,False
16,0.3445436954498291,4.09,18.24,-193.54,autopilot,False,False,False
17,0.365018367767334,4.13,18.32,-193.54,autopilot,False,False,False
18,0.38564252853393555,4.17,18.41,-193.54,autopilot,False,False,False
19,0.4089963436126709,4.22,18.5,-193.54,autopilot,False,False,False
20,0.4305875301361084,4.27,18.59,-193.54,autopilot,False,False,False
21,0.4513986110687256,4.31,18.69,-193.53,autopilot,False,False,False
22,0.4730224609375,4.35,18.78,-193.53,autopilot,False,False,False
23,0.49346065521240234,4.38,18.87,-193.53,autopilot,False,False,False
24,0.5139951705932617,4.42,18.96,-193.53,autopilot,False,False,False
25,0.5349106788635254,4.45,19.05,-193.52,autopilot,False,False,False
26,0.5569071769714355,4.48,19.15,-193.52,autopilot,False,False,False
27,0.5790491104125977,4.52,19.25,-193.52,autopilot,False,False,False
28,0.5999224185943604,4.54,19.34,-193.52,autopilot,False,False,False
29,0.6218266487121582,4.57,19.44,-193.51,autopilot,False,False,False
30,0.6477417945861816,4.6,19.56,-193.51,autopilot,False,False,False
31,0.6716327667236328,4.63,19.66,-193.51,autopilot,False,False,False
32,0.6925013065338135,4.65,19.77,-193.51,autopilot,False,False,False
33,0.7142524719238281,4.67,19.87,-193.5,autopilot,False,False,False
34,0.7356648445129395,4.69,19.97,-193.5,autopilot,False,False,False
35,0.7572982311248779,4.71,20.07,-193.5,autopilot,False,False,False
36,0.7856338024139404,4.72,20.17,-193.5,autopilot,False,False,False
37,0.8111088275909424,4.74,20.32,-193.49,autopilot,False,False,False
38,0.8327844142913818,4.76,20.43,-193.49,autopilot,False,False,False
39,0.8535394668579102,4.77,20.53,-193.49,autopilot,False,False,False
40,0.8759655952453613,4.78,20.63,-193.48,autopilot,False,False,False
41,0.8991720676422119,4.79,20.74,-193.48,autopilot,False,False,False
42,0.9212472438812256,4.8,20.85,-193.48,autopilot,False,False,False
43,0.9434762001037598,4.81,20.96,-193.48,autopilot,False,False,False
44,0.9652988910675049,4.82,21.06,-193.47,autopilot,False,False,False
45,0.9862010478973389,4.82,21.16,-193.47,autopilot,False,False,False
46,1.006800889968872,4.83,21.26,-193.47,autopilot,False,False,False
47,1.027914047241211,4.83,21.36,-193.47,autopilot,False,False,False
48,1.049727201461792,4.84,21.47,-193.46,autopilot,False,False,False
49,1.0721547603607178,4.84,21.58,-193.46,autopilot,False,False,False
50,1.0947299003601074,4.85,21.69,-193.46,autopilot,False,False,False
51,1.1151697635650635,4.85,21.79,-193.46,autopilot,False,False,False
52,1.1397573947906494,4.85,21.91,-193.45,autopilot,False,False,False
53,1.164931297302246,4.86,22.03,-193.45,autopilot,False,False,False
54,1.1904897689819336,4.86,22.15,-193.45,autopilot,False,False,False
55,1.2116410732269287,4.86,22.26,-193.44,autopilot,False,False,False
56,1.2364964485168457,4.86,22.38,-193.44,autopilot,False,False,False
57,1.2612886428833008,4.87,22.5,-193.44,autopilot,False,False,False
58,1.2859902381896973,4.87,22.62,-193.43,autopilot,False,False,False
59,1.3064262866973877,4.87,22.72,-193.43,autopilot,False,False,False
60,1.326859474182129,4.87,22.82,-193.43,autopilot,False,False,False
61,1.3473150730133057,4.87,22.92,-193.43,autopilot,False,False,False
62,1.3677022457122803,4.87,23.02,-193.42,autopilot,False,False,False
63,1.3882472515106201,4.87,23.12,-193.42,autopilot,False,False,False
64,1.412536859512329,4.87,23.24,-193.42,autopilot,False,False,False
65,1.4370307922363281,4.87,23.35,-193.42,autopilot,False,False,False
66,1.4579663276672363,4.87,23.45,-193.41,autopilot,False,False,False
67,1.4834136962890625,4.87,23.58,-193.41,autopilot,False,False,False
68,1.5081889629364014,4.87,23.7,-193.41,autopilot,False,False,False
69,1.5332307815551758,4.87,23.82,-193.4,autopilot,False,False,False
70,1.558706521987915,4.87,23.95,-193.4,autopilot,False,False,False
71,1.5829384326934814,4.87,24.07,-193.4,autopilot,False,False,False
72,1.6070239543914795,4.87,24.18,-193.4,autopilot,False,False,False
73,1.6318895816802979,4.87,24.3,-193.39,autopilot,False,False,False
74,1.65663743019104,4.87,24.43,-193.39,autopilot,False,False,False
75,1.6805360317230225,4.87,24.53,-193.39,autopilot,False,False,False
76,1.7056293487548828,4.87,24.66,-193.38,autopilot,False,False,False
77,1.730177640914917,4.87,24.78,-193.38,autopilot,False,False,False
78,1.7552382946014404,4.87,24.91,-193.38,autopilot,False,False,False
79,1.7792794704437256,4.87,25.03,-193.37,autopilot,False,False,False
80,1.8035802841186523,4.87,25.14,-193.37,autopilot,False,False,False
81,1.8273553848266602,4.87,25.26,-193.37,autopilot,False,False,False
82,1.8516812324523926,4.87,25.37,-193.37,autopilot,False,False,False
83,1.872962236404419,4.87,25.48,-193.36,autopilot,False,False,False
84,1.8994622230529785,4.86,25.6,-193.36,autopilot,False,False,False
85,1.920250654220581,4.84,25.71,-193.36,autopilot,False,False,False
86,1.9457371234893799,4.78,25.83,-193.35,autopilot,False,False,False
87,1.9662389755249023,4.71,25.93,-193.35,autopilot,False,False,False
88,1.9899852275848389,4.61,26.04,-193.35,autopilot,False,False,False
89,2.0137500762939453,4.51,26.15,-193.35,autopilot,False,False,False
90,2.03442120552063,4.42,26.24,-193.34,autopilot,False,False,False
91,2.0598883628845215,4.33,26.33,-193.34,autopilot,False,False,False
92,2.081912040710449,4.22,26.44,-193.34,autopilot,False,False,False
93,2.1059980392456055,4.12,26.55,-193.34,autopilot,False,False,False
94,2.130234479904175,4.03,26.64,-193.33,autopilot,False,False,False
95,2.1550371646881104,3.94,26.74,-193.33,autopilot,False,False,False
96,2.1792094707489014,3.86,26.83,-193.33,autopilot,False,False,False
97,2.201714038848877,3.79,26.92,-193.33,autopilot,False,False,False
98,2.2263638973236084,3.72,27.01,-193.32,autopilot,False,False,False
99,2.2513587474823,3.65,27.11,-193.32,autopilot,False,False,False
100,2.275845766067505,3.59,27.19,-193.32,autopilot,False,False,False
101,2.3001227378845215,3.54,27.28,-193.32,autopilot,False,False,False
102,2.3246586322784424,3.49,27.37,-193.32,autopilot,False,False,False
103,2.349358320236206,3.45,27.45,-193.31,autopilot,False,False,False
104,2.370012044906616,3.41,27.52,-193.31,autopilot,False,False,False
105,2.394132137298584,3.37,27.6,-193.31,autopilot,False,False,False
106,2.41831111907959,3.33,27.69,-193.31,autopilot,False,False,False
107,2.4418585300445557,3.3,27.76,-193.31,autopilot,False,False,False
108,2.4662179946899414,3.26,27.84,-193.3,autopilot,False,False,False
109,2.4907665252685547,3.23,27.92,-193.3,autopilot,False,False,False
110,2.5151453018188477,3.2,28.0,-193.3,autopilot,False,False,False
111,2.5367374420166016,3.18,28.07,-193.3,autopilot,False,False,False
112,2.5616676807403564,3.16,28.15,-193.3,autopilot,False,False,False
113,2.5858242511749268,3.14,28.22,-193.29,autopilot,False,False,False
114,2.610873222351074,3.12,28.3,-193.29,autopilot,False,False,False
115,2.6350533962249756,3.11,28.38,-193.29,autopilot,False,False,False
116,2.659634590148926,3.1,28.45,-193.29,autopilot,False,False,False
117,2.684454917907715,3.09,28.53,-193.29,autopilot,False,False,False
118,2.707674503326416,3.08,28.6,-193.28,autopilot,False,False,False
119,2.731552839279175,3.07,28.68,-193.28,autopilot,False,False,False
120,2.754695415496826,3.07,28.75,-193.28,autopilot,False,False,False
121,2.7787997722625732,3.06,28.82,-193.28,autopilot,False,False,False
122,2.8038480281829834,3.06,28.9,-193.28,autopilot,False,False,False
123,2.8247101306915283,3.06,28.96,-193.28,autopilot,False,False,False
124,2.8460757732391357,3.06,29.03,-193.27,autopilot,False,False,False
125,2.8706881999969482,3.06,29.1,-193.27,autopilot,False,False,False
126,2.8953170776367188,3.06,29.18,-193.27,autopilot,False,False,False
127,2.92049241065979,3.06,29.25,-193.27,autopilot,False,False,False
128,2.9449234008789062,3.07,29.33,-193.27,autopilot,False,False,False
129,2.9692413806915283,3.07,29.4,-193.26,autopilot,False,False,False
130,2.9932971000671387,3.08,29.48,-193.26,autopilot,False,False,False
131,3.0171687602996826,3.08,29.55,-193.26,autopilot,False,False,False
132,3.0381829738616943,3.08,29.61,-193.26,autopilot,False,False,False
133,3.0643107891082764,3.09,29.68,-193.26,autopilot,False,False,False
134,3.0870301723480225,3.07,29.76,-193.26,autopilot,False,False,False
135,3.110822916030884,3.04,29.84,-193.25,autopilot,False,False,False
136,3.135270833969116,3.01,29.91,-193.25,autopilot,False,False,False
137,3.158964157104492,2.97,29.99,-193.25,autopilot,False,False,False
138,3.182331085205078,2.94,30.05,-193.25,autopilot,False,False,False
139,3.2034687995910645,2.91,30.11,-193.25,autopilot,False,False,False
140,3.2276809215545654,2.88,30.18,-193.24,autopilot,False,False,False
141,3.252540349960327,2.84,30.26,-193.24,autopilot,False,False,False
142,3.277090072631836,2.81,30.32,-193.24,autopilot,False,False,False
143,3.3016905784606934,2.78,30.39,-193.24,autopilot,False,False,False
144,3.3254806995391846,2.75,30.46,-193.24,autopilot,False,False,False
145,3.350105047225952,2.72,30.53,-193.24,autopilot,False,False,False
146,3.3745744228363037,2.69,30.59,-193.23,autopilot,False,False,False
147,3.399951696395874,2.67,30.66,-193.23,autopilot,False,False,False
148,3.4226763248443604,2.64,30.72,-193.23,autopilot,False,False,False
149,3.446333646774292,2.62,30.78,-193.23,autopilot,False,False,False
150,3.4701788425445557,2.6,30.85,-193.23,autopilot,False,False,False
151,3.493427276611328,2.58,30.91,-193.23,autopilot,False,False,False
152,3.51763916015625,2.57,30.97,-193.23,autopilot,False,False,False
153,3.5417709350585938,2.55,31.03,-193.22,autopilot,False,False,False
154,3.5663535594940186,2.54,31.09,-193.22,autopilot,False,False,False
155,3.5895490646362305,2.53,31.15,-193.22,autopilot,False,False,False
156,3.6130917072296143,2.52,31.21,-193.22,autopilot,False,False,False
157,3.6340391635894775,2.52,31.26,-193.22,autopilot,False,False,False
158,3.657595634460449,2.51,31.32,-193.22,autopilot,False,False,False
159,3.681265354156494,2.51,31.38,-193.21,autopilot,False,False,False
160,3.7063865661621094,2.5,31.44,-193.21,autopilot,False,False,False
161,3.7305493354797363,2.5,31.51,-193.21,autopilot,False,False,False
162,3.75536847114563,2.5,31.57,-193.21,autopilot,False,False,False
163,3.7798523902893066,2.5,31.63,-193.21,autopilot,False,False,False
164,3.8032567501068115,2.49,31.69,-193.21,autopilot,False,False,False
165,3.826723098754883,2.49,31.75,-193.21,autopilot,False,False,False
166,3.8507988452911377,2.49,31.81,-193.2,autopilot,False,False,False
167,3.8713088035583496,2.49,31.85,-193.2,autopilot,False,False,False
168,3.891977310180664,2.49,31.91,-193.2,autopilot,False,False,False
169,3.9156312942504883,2.49,31.96,-193.2,autopilot,False,False,False
170,3.9393887519836426,2.49,32.03,-193.2,autopilot,False,False,False
171,3.9614644050598145,2.5,32.08,-193.2,autopilot,False,False,False
172,3.985150098800659,2.5,32.14,-193.2,autopilot,False,False,False
173,4.008152484893799,2.5,32.2,-193.19,autopilot,False,False,False
174,4.032702922821045,2.5,32.26,-193.19,autopilot,False,False,False
175,4.055695295333862,2.5,32.31,-193.19,autopilot,False,False,False
176,4.076556444168091,2.5,32.37,-193.19,autopilot,False,False,False
177,4.097645998001099,2.5,32.42,-193.19,autopilot,False,False,False
178,4.121284246444702,2.5,32.48,-193.19,autopilot,False,False,False
179,4.143277645111084,2.5,32.54,-193.19,autopilot,False,False,False
180,4.1704652309417725,2.5,32.59,-193.18,autopilot,False,False,False
181,4.191483020782471,2.5,32.65,-193.18,autopilot,False,False,False
182,4.21489691734314,2.5,32.71,-193.18,autopilot,False,False,False
183,4.238906621932983,2.5,32.77,-193.18,autopilot,False,False,False
184,4.262660026550293,2.5,32.83,-193.18,autopilot,False,False,False
185,4.287242889404297,2.5,32.9,-193.18,autopilot,False,False,False
186,4.310559988021851,2.5,32.95,-193.18,autopilot,False,False,False
187,4.334201335906982,2.5,33.01,-193.17,autopilot,False,False,False
188,4.358172655105591,2.5,33.07,-193.17,autopilot,False,False,False
189,4.381300210952759,2.5,33.13,-193.17,autopilot,False,False,False
190,4.405431032180786,2.5,33.19,-193.17,autopilot,False,False,False
191,4.428433179855347,2.5,33.25,-193.17,autopilot,False,False,False
192,4.451190710067749,2.5,33.31,-193.17,autopilot,False,False,False
193,4.474728107452393,2.5,33.37,-193.16,autopilot,False,False,False
194,4.498924255371094,2.5,33.42,-193.16,autopilot,False,False,False
195,4.522660970687866,2.5,33.48,-193.16,autopilot,False,False,False
196,4.546241760253906,2.5,33.54,-193.16,autopilot,False,False,False
197,4.5683159828186035,2.5,33.6,-193.16,autopilot,False,False,False
198,4.591312408447266,2.5,33.66,-193.16,autopilot,False,False,False
199,4.61430287361145,2.5,33.71,-193.16,autopilot,False,False,False
200,4.637580633163452,2.5,33.77,-193.15,autopilot,False,False,False
201,4.66208291053772,2.5,33.83,-193.15,autopilot,False,False,False
202,4.68569540977478,2.5,33.89,-193.15,autopilot,False,False,False
203,4.708802938461304,2.5,33.95,-193.15,autopilot,False,False,False
204,4.73253321647644,2.5,34.01,-193.15,autopilot,False,False,False
205,4.755870580673218,2.5,34.07,-193.15,autopilot,False,False,False
206,4.778408527374268,2.5,34.13,-193.15,autopilot,False,False,False
207,4.801021099090576,2.5,34.18,-193.14,autopilot,False,False,False
208,4.82582950592041,2.5,34.24,-193.14,autopilot,False,False,False
209,4.847940921783447,2.5,34.3,-193.14,autopilot,False,False,False
210,4.868286371231079,2.5,34.35,-193.14,autopilot,False,False,False
211,4.891883850097656,2.5,34.41,-193.14,autopilot,False,False,False
212,4.913063287734985,2.5,34.46,-193.14,autopilot,False,False,False
213,4.936885118484497,2.5,34.52,-193.14,autopilot,False,False,False
214,4.959671258926392,2.5,34.58,-193.13,autopilot,False,False,False
215,4.983119964599609,2.5,34.64,-193.13,autopilot,False,False,False
216,5.005581855773926,2.5,34.69,-193.13,autopilot,False,False,False
217,5.0282042026519775,2.5,34.75,-193.13,autopilot,False,False,False
218,5.051159620285034,2.5,34.81,-193.13,autopilot,False,False,False
219,5.076991319656372,2.5,34.87,-193.13,autopilot,False,False,False
220,5.1016974449157715,2.5,34.93,-193.13,autopilot,False,False,False
221,5.12455677986145,2.5,34.99,-193.12,autopilot,False,False,False
222,5.1477952003479,2.5,35.05,-193.12,autopilot,False,False,False
223,5.170379400253296,2.5,35.1,-193.12,autopilot,False,False,False
224,5.192154169082642,2.5,35.16,-193.12,autopilot,False,False,False
225,5.21575140953064,2.5,35.22,-193.12,autopilot,False,False,False
226,5.2391321659088135,2.5,35.28,-193.12,autopilot,False,False,False
227,5.26201057434082,2.5,35.34,-193.12,autopilot,False,False,False
228,5.286891937255859,2.5,35.4,-193.11,autopilot,False,False,False
229,5.309777736663818,2.5,35.46,-193.11,autopilot,False,False,False
230,5.333538055419922,2.5,35.51,-193.11,autopilot,False,False,False
231,5.357315540313721,2.5,35.57,-193.11,autopilot,False,False,False
232,5.380749702453613,2.5,35.63,-193.11,autopilot,False,False,False
233,5.404775857925415,2.5,35.69,-193.11,autopilot,False,False,False
234,5.428155422210693,2.5,35.75,-193.1,autopilot,False,False,False
235,5.45120906829834,2.5,35.81,-193.1,autopilot,False,False,False
236,5.474557161331177,2.5,35.87,-193.1,autopilot,False,False,False
237,5.497500658035278,2.5,35.92,-193.1,autopilot,False,False,False
238,5.520293712615967,2.5,35.98,-193.1,autopilot,False,False,False
239,5.54348611831665,2.5,36.04,-193.1,autopilot,False,False,False
240,5.565635681152344,2.5,36.1,-193.1,autopilot,False,False,False
241,5.588637590408325,2.5,36.15,-193.09,autopilot,False,False,False
242,5.610835313796997,2.5,36.21,-193.09,autopilot,False,False,False
243,5.634390115737915,2.5,36.27,-193.09,autopilot,False,False,False
244,5.658405303955078,2.5,36.33,-193.09,autopilot,False,False,False
245,5.681410074234009,2.5,36.38,-193.09,autopilot,False,False,False
246,5.704325914382935,2.5,36.44,-193.09,autopilot,False,False,False
247,5.727290630340576,2.5,36.5,-193.09,autopilot,False,False,False
248,5.749964237213135,2.5,36.56,-193.08,autopilot,False,False,False
249,5.7730629444122314,2.5,36.61,-193.08,autopilot,False,False,False
250,5.796146869659424,2.5,36.67,-193.08,autopilot,False,False,False
251,5.8201515674591064,2.5,36.73,-193.08,autopilot,False,False,False
252,5.843709707260132,2.5,36.79,-193.08,autopilot,False,False,False
253,5.8681862354278564,2.5,36.85,-193.08,autopilot,False,False,False
254,5.891954660415649,2.5,36.91,-193.08,autopilot,False,False,False
255,5.915962219238281,2.5,36.97,-193.07,autopilot,False,False,False
256,5.939049959182739,2.5,37.03,-193.07,autopilot,False,False,False
257,5.962368011474609,2.5,37.09,-193.07,autopilot,False,False,False
258,5.9860312938690186,2.5,37.15,-193.07,autopilot,False,False,False
259,6.008574962615967,2.5,37.21,-193.07,autopilot,False,False,False
260,6.02964973449707,2.48,37.26,-193.07,autopilot,False,False,False
261,6.0529022216796875,2.43,37.31,-193.07,autopilot,False,False,False
262,6.073487281799316,2.37,37.36,-193.06,autopilot,False,False,False
263,6.0947184562683105,2.29,37.41,-193.06,autopilot,False,False,False
264,6.118353605270386,2.18,37.46,-193.06,autopilot,False,False,False
265,6.1411356925964355,2.04,37.51,-193.06,autopilot,False,False,False
266,6.163397789001465,1.89,37.56,-193.06,autopilot,False,False,False
267,6.187426805496216,1.72,37.6,-193.06,autopilot,False,False,False
268,6.2119057178497314,1.54,37.64,-193.06,autopilot,False,False,False
269,6.234981060028076,1.36,37.67,-193.06,autopilot,False,False,False
270,6.258453369140625,1.19,37.7,-193.06,autopilot,False,False,False
271,6.281044960021973,1.02,37.72,-193.06,autopilot,False,False,False
272,6.304036617279053,0.85,37.75,-193.05,autopilot,False,False,False
273,6.327637434005737,0.67,37.76,-193.05,autopilot,False,False,False
274,6.35115647315979,0.49,37.78,-193.05,autopilot,False,False,False
275,6.374322891235352,0.32,37.79,-193.05,autopilot,False,False,False
276,6.396998167037964,0.0,37.79,-193.05,autopilot,False,False,False
277,6.42012357711792,0.0,37.79,-193.05,autopilot,False,False,False
278,6.443695306777954,0.0,37.79,-193.05,autopilot,False,False,False
279,6.466859340667725,0.0,37.79,-193.05,autopilot,False,False,False
280,6.489514350891113,0.0,37.79,-193.05,autopilot,False,False,False
281,6.513108730316162,0.0,37.79,-193.05,autopilot,False,False,False
282,6.536146879196167,0.0,37.79,-193.05,autopilot,False,False,False
283,6.559211492538452,0.0,37.79,-193.05,autopilot,False,False,False
284,6.582125663757324,0.0,37.79,-193.05,autopilot,False,False,False
285,6.6044251918792725,0.0,37.79,-193.05,autopilot,False,False,False
286,6.627281904220581,0.0,37.79,-193.05,manual,False,False,True
287,6.650129795074463,0.0,37.79,-193.05,pure_pursuit,False,False,True
288,6.672149419784546,0.0,37.79,-193.05,pure_pursuit,False,False,True
289,6.69534707069397,0.0,37.79,-193.05,pure_pursuit,False,False,True
290,6.717660903930664,0.0,37.79,-193.05,pure_pursuit,False,False,True
291,6.740442514419556,0.02,37.79,-193.05,pure_pursuit,False,False,True
292,6.7629313468933105,0.01,37.79,-193.05,pure_pursuit,False,False,True
293,6.785337686538696,0.04,37.79,-193.05,pure_pursuit,False,False,True
294,6.807715177536011,0.05,37.79,-193.05,pure_pursuit,False,False,True
295,6.829582929611206,0.08,37.79,-193.05,pure_pursuit,False,False,True
296,6.852745056152344,0.1,37.79,-193.05,pure_pursuit,False,False,True
297,6.877464294433594,0.14,37.8,-193.06,pure_pursuit,False,False,True
298,6.90300178527832,0.16,37.8,-193.06,pure_pursuit,False,False,True
299,6.92737889289856,0.19,37.81,-193.06,pure_pursuit,False,False,True
300,6.9496750831604,0.22,37.81,-193.06,pure_pursuit,False,False,True
301,6.9737653732299805,0.25,37.81,-193.06,pure_pursuit,False,False,True
302,6.9974682331085205,0.28,37.82,-193.07,pure_pursuit,False,False,True
303,7.019545793533325,0.3,37.82,-193.07,pure_pursuit,False,False,True
304,7.041329383850098,0.33,37.83,-193.07,pure_pursuit,False,False,True
305,7.065936803817749,0.36,37.84,-193.08,pure_pursuit,False,False,True
306,7.089970588684082,0.39,37.84,-193.08,pure_pursuit,False,False,True
307,7.113287448883057,0.42,37.85,-193.09,pure_pursuit,False,False,True
308,7.134884595870972,0.45,37.86,-193.09,pure_pursuit,False,False,True
309,7.157217979431152,0.47,37.86,-193.1,pure_pursuit,False,False,True
310,7.178692579269409,0.49,37.87,-193.1,pure_pursuit,False,False,True
311,7.202448129653931,0.52,37.88,-193.11,pure_pursuit,False,False,True
312,7.223900318145752,0.55,37.89,-193.12,pure_pursuit,False,False,True
313,7.245485544204712,0.57,37.9,-193.12,pure_pursuit,False,False,True
314,7.266843318939209,0.6,37.91,-193.13,pure_pursuit,False,False,True
315,7.288588285446167,0.62,37.92,-193.14,pure_pursuit,False,False,True
316,7.310521364212036,0.64,37.93,-193.14,pure_pursuit,False,False,True
317,7.33165979385376,0.67,37.94,-193.15,pure_pursuit,False,False,True
318,7.352646827697754,0.69,37.95,-193.16,pure_pursuit,False,False,True
319,7.37333607673645,0.71,37.96,-193.17,pure_pursuit,False,False,True
320,7.394481897354126,0.73,37.97,-193.18,pure_pursuit,False,False,True
321,7.418938875198364,0.76,37.98,-193.19,pure_pursuit,False,False,True
322,7.440036773681641,0.78,37.99,-193.2,pure_pursuit,False,False,True
323,7.4645678997039795,0.81,38.01,-193.21,pure_pursuit,False,False,True
324,7.4883012771606445,0.83,38.02,-193.22,pure_pursuit,False,False,True
325,7.511979103088379,0.85,38.03,-193.23,pure_pursuit,False,False,True
326,7.535254001617432,0.88,38.05,-193.25,pure_pursuit,False,False,True
327,7.559583425521851,0.9,38.06,-193.26,pure_pursuit,False,False,True
328,7.583678722381592,0.92,38.08,-193.27,pure_pursuit,False,False,True
329,7.606998682022095,0.95,38.09,-193.29,pure_pursuit,False,False,True
330,7.6300883293151855,0.97,38.11,-193.3,pure_pursuit,False,False,True
331,7.654521226882935,0.99,38.12,-193.32,pure_pursuit,False,True,True
332,7.67756462097168,1.01,38.14,-193.33,pure_pursuit,False,True,True
333,7.700536489486694,1.03,38.15,-193.35,pure_pursuit,False,True,True
334,7.723425388336182,1.05,38.17,-193.36,pure_pursuit,False,True,True
335,7.746868371963501,1.07,38.18,-193.38,pure_pursuit,False,True,True
336,7.770010948181152,1.1,38.2,-193.4,pure_pursuit,False,True,True
337,7.793877363204956,1.12,38.22,-193.41,pure_pursuit,False,True,True
338,7.8164801597595215,1.14,38.23,-193.43,pure_pursuit,False,True,True
339,7.84111475944519,1.16,38.25,-193.45,pure_pursuit,False,True,True
340,7.864657402038574,1.18,38.27,-193.47,pure_pursuit,False,True,True
341,7.887808799743652,1.2,38.28,-193.49,pure_pursuit,False,True,True
342,7.909241437911987,1.22,38.3,-193.51,pure_pursuit,False,True,True
343,7.933311462402344,1.24,38.32,-193.53,pure_pursuit,False,True,True
344,7.957350730895996,1.26,38.33,-193.55,pure_pursuit,False,True,True
345,7.980560064315796,1.28,38.35,-193.57,pure_pursuit,False,True,True
346,8.002821207046509,1.3,38.37,-193.59,pure_pursuit,False,True,True
347,8.025106191635132,1.32,38.38,-193.61,pure_pursuit,False,True,True
348,8.048701763153076,1.34,38.4,-193.64,pure_pursuit,False,True,True
349,8.073247194290161,1.36,38.42,-193.66,pure_pursuit,False,True,True
350,8.094768524169922,1.38,38.43,-193.69,pure_pursuit,False,True,True
351,8.117673635482788,1.4,38.45,-193.71,pure_pursuit,False,True,True
352,8.140533447265625,1.42,38.46,-193.73,pure_pursuit,False,True,True
353,8.163325309753418,1.44,38.48,-193.76,pure_pursuit,False,True,True
354,8.185667276382446,1.45,38.5,-193.78,pure_pursuit,False,True,True
355,8.208337783813477,1.47,38.51,-193.81,pure_pursuit,False,True,True
356,8.229373931884766,1.49,38.53,-193.84,pure_pursuit,False,True,True
357,8.252345085144043,1.51,38.54,-193.86,pure_pursuit,False,True,True
358,8.274415016174316,1.53,38.56,-193.89,pure_pursuit,False,True,True
359,8.296928644180298,1.54,38.57,-193.92,pure_pursuit,False,True,True
360,8.319522619247437,1.56,38.59,-193.95,pure_pursuit,False,True,True
361,8.342630863189697,1.58,38.6,-193.98,pure_pursuit,False,True,True
362,8.365163087844849,1.6,38.62,-194.01,pure_pursuit,False,True,True
363,8.386494636535645,1.61,38.63,-194.03,pure_pursuit,False,True,True
364,8.407675743103027,1.63,38.64,-194.06,pure_pursuit,False,True,True
365,8.429308891296387,1.65,38.66,-194.09,pure_pursuit,False,True,True
366,8.450448274612427,1.66,38.67,-194.12,pure_pursuit,False,True,True
367,8.472994565963745,1.68,38.68,-194.15,pure_pursuit,False,True,True
368,8.493713617324829,1.7,38.7,-194.18,pure_pursuit,False,True,True
369,8.51486349105835,1.71,38.71,-194.22,pure_pursuit,False,True,True
370,8.535694599151611,1.73,38.72,-194.25,pure_pursuit,False,True,True
371,8.558104753494263,1.75,38.73,-194.28,pure_pursuit,False,True,True
372,8.580663442611694,1.76,38.74,-194.32,pure_pursuit,False,True,True
373,8.602229356765747,1.78,38.75,-194.35,pure_pursuit,False,True,True
374,8.624234199523926,1.79,38.76,-194.38,pure_pursuit,False,True,True
375,8.645901441574097,1.81,38.77,-194.42,pure_pursuit,False,True,True
376,8.66712236404419,1.83,38.78,-194.45,pure_pursuit,False,True,True
377,8.688313484191895,1.84,38.79,-194.49,pure_pursuit,False,True,True
378,8.710848331451416,1.86,38.8,-194.52,pure_pursuit,False,True,True
379,8.732590436935425,1.87,38.81,-194.56,pure_pursuit,False,True,True
380,8.755483150482178,1.89,38.82,-194.6,pure_pursuit,False,True,True
381,8.778464794158936,1.91,38.83,-194.64,pure_pursuit,False,True,True
382,8.801040887832642,1.92,38.83,-194.68,pure_pursuit,False,True,True
383,8.822362184524536,1.94,38.84,-194.72,pure_pursuit,False,True,True
384,8.843610048294067,1.95,38.84,-194.75,pure_pursuit,False,True,True
385,8.865024089813232,1.96,38.85,-194.79,pure_pursuit,False,True,True
386,8.887741327285767,2.0,38.85,-194.83,autopilot,False,True,False
387,8.909647703170776,2.04,38.86,-194.88,autopilot,False,True,False
388,8.930152416229248,2.09,38.87,-194.91,autopilot,False,True,False
389,8.951640129089355,2.14,38.88,-194.96,autopilot,False,True,False
390,8.972121953964233,2.18,38.89,-195.0,autopilot,False,True,False
391,8.992692708969116,2.23,38.91,-195.04,autopilot,False,True,False
392,9.014561176300049,2.28,38.93,-195.08,autopilot,False,True,False
393,9.035094022750854,2.32,38.95,-195.13,autopilot,False,True,False
394,9.058643579483032,2.35,38.97,-195.16,autopilot,False,True,False
395,9.079824924468994,2.4,39.0,-195.22,autopilot,False,True,False
396,9.100256443023682,2.44,39.03,-195.26,autopilot,False,True,False
397,9.121215581893921,2.48,39.06,-195.3,autopilot,False,True,False
398,9.143643617630005,2.52,39.1,-195.34,autopilot,False,True,False
399,9.167845010757446,2.56,39.13,-195.38,autopilot,False,True,False
400,9.189291715621948,2.6,39.18,-195.43,autopilot,False,True,False
401,9.210936784744263,2.64,39.22,-195.47,autopilot,False,True,False
402,9.233196258544922,2.68,39.26,-195.51,autopilot,False,True,False
403,9.254420280456543,2.71,39.3,-195.55,autopilot,False,True,False
404,9.276227951049805,2.74,39.35,-195.58,autopilot,False,True,False
405,9.297632455825806,2.77,39.39,-195.62,autopilot,False,True,False
406,9.319079637527466,2.8,39.44,-195.65,autopilot,False,True,False
407,9.340033292770386,2.82,39.49,-195.68,autopilot,False,True,False
408,9.360891819000244,2.84,39.54,-195.72,autopilot,False,True,False
409,9.38243579864502,2.86,39.59,-195.74,autopilot,False,True,False
410,9.404575109481812,2.89,39.65,-195.77,autopilot,False,True,False
411,9.425588607788086,2.92,39.7,-195.8,autopilot,False,True,False
412,9.447861909866333,2.97,39.76,-195.82,autopilot,False,True,False
413,9.470118284225464,3.02,39.82,-195.84,autopilot,False,True,False
414,9.492226123809814,3.06,39.88,-195.86,autopilot,False,True,False
415,9.514888525009155,3.11,39.94,-195.89,autopilot,False,True,False
416,9.535865783691406,3.16,40.0,-195.91,autopilot,False,True,False
417,9.557668685913086,3.21,40.06,-195.92,autopilot,False,True,False
418,9.579246520996094,3.25,40.13,-195.94,autopilot,False,True,False
419,9.600852966308594,3.3,40.19,-195.96,autopilot,False,True,False
420,9.623126745223999,3.34,40.26,-195.98,autopilot,False,True,False
421,9.644890546798706,3.39,40.33,-195.99,autopilot,False,True,False
422,9.6653733253479,3.43,40.4,-196.0,autopilot,False,True,False
423,9.68806266784668,3.48,40.47,-196.02,autopilot,False,True,False
424,9.710176229476929,3.53,40.54,-196.03,autopilot,False,True,False
425,9.732762813568115,3.57,40.61,-196.04,autopilot,False,True,False
426,9.753701448440552,3.62,40.69,-196.05,autopilot,False,True,False
427,9.774093627929688,3.66,40.76,-196.05,autopilot,False,True,False
428,9.79458498954773,3.7,40.83,-196.06,autopilot,False,True,False
429,9.815561056137085,3.74,40.91,-196.06,autopilot,False,True,False
430,9.837043285369873,3.8,40.99,-196.07,autopilot,False,True,False
431,9.859163522720337,3.87,41.07,-196.07,autopilot,False,True,False
432,9.8819580078125,3.94,41.15,-196.07,autopilot,False,True,False
433,9.90339732170105,4.01,41.24,-196.07,autopilot,False,True,False
434,9.924053430557251,4.07,41.32,-196.08,autopilot,False,True,False
435,9.947186946868896,4.13,41.41,-196.08,autopilot,False,True,False
436,9.970136404037476,4.19,41.5,-196.08,autopilot,False,True,False
437,9.993457794189453,4.25,41.6,-196.09,autopilot,False,True,False
438,10.016772031784058,4.31,41.7,-196.09,autopilot,False,True,False
439,10.039973258972168,4.36,41.8,-196.1,autopilot,False,True,False
440,10.064201831817627,4.41,41.9,-196.1,autopilot,False,True,False
441,10.08476996421814,4.45,41.99,-196.1,autopilot,False,True,False
442,10.106573820114136,4.49,42.09,-196.1,autopilot,False,True,False
443,10.127684593200684,4.52,42.18,-196.11,autopilot,False,True,False
444,10.14981460571289,4.56,42.28,-196.11,autopilot,False,True,False
445,10.172095775604248,4.58,42.37,-196.11,autopilot,False,True,False
446,10.192447900772095,4.61,42.48,-196.11,autopilot,False,True,False
447,10.214909315109253,4.64,42.58,-196.11,autopilot,False,True,False
448,10.237883567810059,4.67,42.68,-196.11,autopilot,False,True,False
449,10.260002136230469,4.69,42.79,-196.1,autopilot,False,True,False
450,10.282496690750122,4.71,42.89,-196.1,autopilot,False,True,False
451,10.30518651008606,4.73,43.0,-196.1,autopilot,False,True,False
452,10.329115152359009,4.75,43.11,-196.09,autopilot,False,True,False
453,10.352465867996216,4.76,43.22,-196.09,autopilot,False,True,False
454,10.375924348831177,4.77,43.34,-196.08,autopilot,False,True,False
455,10.39852237701416,4.79,43.44,-196.07,autopilot,False,True,False
456,10.422211647033691,4.8,43.56,-196.06,autopilot,False,True,False
457,10.446093797683716,4.81,43.67,-196.05,autopilot,False,True,False
458,10.470102548599243,4.81,43.78,-196.04,autopilot,False,True,False
459,10.490873098373413,4.82,43.88,-196.03,autopilot,False,True,False
460,10.512141466140747,4.83,43.98,-196.02,autopilot,False,True,False
461,10.533531904220581,4.84,44.08,-196.0,autopilot,False,True,False
462,10.556289434432983,4.84,44.19,-195.99,autopilot,False,True,False
463,10.577567338943481,4.85,44.29,-195.98,autopilot,False,True,False
464,10.599894523620605,4.85,44.4,-195.96,autopilot,False,True,False
465,10.622721910476685,4.86,44.51,-195.94,autopilot,False,True,False
466,10.645161628723145,4.87,44.62,-195.93,autopilot,False,True,False
467,10.668111085891724,4.87,44.73,-195.91,autopilot,False,True,False
468,10.691115379333496,4.88,44.84,-195.89,autopilot,False,True,False
469,10.714697122573853,4.88,44.95,-195.87,autopilot,False,True,False
470,10.737968444824219,4.88,45.06,-195.85,autopilot,False,True,False
471,10.760853052139282,4.89,45.17,-195.84,autopilot,False,True,False
472,10.782338619232178,4.89,45.26,-195.82,autopilot,False,True,False
473,10.807268619537354,4.89,45.39,-195.8,autopilot,False,True,False
474,10.830942153930664,4.89,45.51,-195.78,autopilot,False,True,False
475,10.855332851409912,4.89,45.63,-195.76,autopilot,False,True,False
476,10.88043737411499,4.89,45.74,-195.74,autopilot,False,True,False
477,10.905154466629028,4.89,45.87,-195.72,autopilot,False,True,False
478,10.929531574249268,4.89,45.99,-195.71,autopilot,False,True,False
479,10.952455043792725,4.89,46.1,-195.69,autopilot,False,True,False
480,10.97542929649353,4.89,46.21,-195.67,autopilot,False,True,False
481,10.998767614364624,4.89,46.32,-195.66,autopilot,False,True,False
482,11.021223783493042,4.89,46.43,-195.64,autopilot,False,True,False
483,11.044241428375244,4.89,46.54,-195.63,autopilot,False,True,False
484,11.071010828018188,4.89,46.66,-195.61,autopilot,False,True,False
485,11.092285871505737,4.89,46.77,-195.6,autopilot,False,True,False
486,11.116908550262451,4.89,46.89,-195.59,autopilot,False,True,False
487,11.141177892684937,4.88,47.01,-195.57,autopilot,False,True,False
488,11.164747953414917,4.88,47.13,-195.56,autopilot,False,True,False
489,11.188952445983887,4.88,47.24,-195.55,autopilot,False,True,False
490,11.214200735092163,4.88,47.36,-195.53,autopilot,False,True,False
491,11.23882508277893,4.88,47.48,-195.52,autopilot,False,True,False
492,11.261963129043579,4.88,47.6,-195.51,autopilot,False,True,False
493,11.285689353942871,4.88,47.71,-195.5,autopilot,False,True,False
494,11.309147119522095,4.88,47.83,-195.49,autopilot,False,True,False
495,11.334263563156128,4.88,47.95,-195.48,autopilot,False,True,False
496,11.358529090881348,4.88,48.07,-195.46,autopilot,False,True,False
497,11.382264852523804,4.88,48.18,-195.45,autopilot,False,True,False
498,11.40562653541565,4.88,48.29,-195.44,autopilot,False,True,False
499,11.429824352264404,4.88,48.41,-195.43,autopilot,False,True,False
500,11.452967643737793,4.88,48.53,-195.43,autopilot,False,True,False
501,11.476751565933228,4.87,48.64,-195.42,autopilot,False,True,False
502,11.499676704406738,4.87,48.75,-195.41,autopilot,False,True,False
503,11.522374629974365,4.87,48.86,-195.4,autopilot,False,True,False
504,11.545332431793213,4.87,48.97,-195.39,autopilot,False,True,False
505,11.569360733032227,4.87,49.09,-195.38,autopilot,False,True,False
506,11.593671798706055,4.87,49.21,-195.37,autopilot,False,True,False
507,11.616731405258179,4.87,49.32,-195.37,autopilot,False,True,False
508,11.638581275939941,4.87,49.43,-195.36,autopilot,False,True,False
509,11.661060333251953,4.87,49.54,-195.35,autopilot,False,True,False
510,11.68380355834961,4.87,49.65,-195.35,autopilot,False,True,False
511,11.706165313720703,4.87,49.76,-195.34,autopilot,False,True,False
512,11.729045867919922,4.87,49.87,-195.33,autopilot,False,True,False
513,11.75109052658081,4.87,49.98,-195.33,autopilot,False,True,False
514,11.773766279220581,4.87,50.08,-195.32,autopilot,False,True,False
515,11.795981168746948,4.87,50.2,-195.31,autopilot,False,True,False
516,11.817943096160889,4.87,50.3,-195.31,autopilot,False,True,False
517,11.84052038192749,4.87,50.41,-195.3,autopilot,False,True,False
518,11.863966941833496,4.87,50.52,-195.3,autopilot,False,True,False
519,11.8875892162323,4.87,50.64,-195.29,autopilot,False,True,False
520,11.910713195800781,4.87,50.75,-195.29,autopilot,False,True,False
521,11.932807445526123,4.87,50.86,-195.28,autopilot,False,True,False
522,11.954597473144531,4.87,50.97,-195.28,autopilot,False,True,False
523,11.980739831924438,4.87,51.08,-195.27,autopilot,False,True,False
524,12.00208306312561,4.87,51.2,-195.27,autopilot,False,True,False
525,12.023099422454834,4.87,51.3,-195.26,autopilot,False,True,False
526,12.04367709159851,4.87,51.4,-195.26,autopilot,False,True,False
527,12.067228317260742,4.87,51.51,-195.25,autopilot,False,True,False
528,12.091007709503174,4.87,51.63,-195.25,autopilot,False,True,False
529,12.11244821548462,4.87,51.73,-195.24,autopilot,False,True,False
530,12.133931398391724,4.87,51.84,-195.24,autopilot,False,True,False
531,12.155317068099976,4.87,51.95,-195.24,autopilot,False,True,False
532,12.175954103469849,4.87,52.04,-195.23,autopilot,False,True,False
533,12.199293375015259,4.87,52.16,-195.23,autopilot,False,True,False
534,12.220478296279907,4.87,52.26,-195.23,autopilot,False,True,False
535,12.241376638412476,4.87,52.36,-195.22,autopilot,False,True,False
536,12.263020515441895,4.87,52.47,-195.22,autopilot,False,True,False
537,12.284487009048462,4.87,52.57,-195.22,autopilot,False,True,False
538,12.305559635162354,4.87,52.68,-195.21,autopilot,False,True,False
539,12.327257633209229,4.87,52.78,-195.21,autopilot,False,True,False
540,12.348672151565552,4.87,52.89,-195.21,autopilot,False,True,False
541,12.373456954956055,4.87,52.99,-195.2,autopilot,False,True,False
542,12.394731998443604,4.87,53.11,-195.2,autopilot,False,True,False
543,12.41568398475647,4.87,53.21,-195.2,autopilot,False,True,False
544,12.437314748764038,4.87,53.32,-195.2,autopilot,False,True,False
545,12.458216667175293,4.87,53.42,-195.19,autopilot,False,True,False
546,12.47915005683899,4.87,53.52,-195.19,autopilot,False,True,False
547,12.499483346939087,4.87,53.62,-195.19,autopilot,False,True,False
548,12.520971536636353,4.87,53.73,-195.19,autopilot,False,True,False
549,12.543100833892822,4.87,53.83,-195.18,autopilot,False,True,False
550,12.564072132110596,4.87,53.93,-195.18,autopilot,False,True,False
551,12.584872484207153,4.87,54.04,-195.18,autopilot,False,True,False
552,12.606267213821411,4.87,54.14,-195.18,autopilot,False,True,False
553,12.630289316177368,4.87,54.26,-195.18,autopilot,False,True,False
554,12.654946565628052,4.87,54.38,-195.17,autopilot,False,True,False
555,12.675436973571777,4.87,54.48,-195.17,autopilot,False,True,False
556,12.695770978927612,4.87,54.58,-195.17,autopilot,False,True,False
557,12.71607518196106,4.87,54.67,-195.17,autopilot,False,True,False
558,12.739598989486694,4.87,54.79,-195.17,autopilot,False,True,False
559,12.763725519180298,4.87,54.91,-195.16,autopilot,False,True,False
560,12.787909269332886,4.87,55.03,-195.16,autopilot,False,True,False
561,12.808819055557251,4.87,55.13,-195.16,autopilot,False,True,False
562,12.830159425735474,4.87,55.23,-195.16,autopilot,False,True,False
563,12.851906538009644,4.87,55.34,-195.16,autopilot,False,True,False
564,12.87378478050232,4.87,55.44,-195.16,autopilot,False,True,False
565,12.895594120025635,4.87,55.55,-195.15,autopilot,False,True,False
566,12.916524648666382,4.87,55.65,-195.15,autopilot,False,True,False
567,12.940693140029907,4.87,55.77,-195.15,autopilot,False,True,False
568,12.963613510131836,4.87,55.88,-195.15,autopilot,False,True,False
569,12.986961126327515,4.87,56.0,-195.15,autopilot,False,True,False
570,13.01080060005188,4.87,56.11,-195.15,autopilot,False,True,False
571,13.034584760665894,4.87,56.23,-195.14,autopilot,False,True,False
572,13.059737205505371,4.87,56.33,-195.14,autopilot,False,True,False
573,13.081974506378174,4.87,56.46,-195.14,autopilot,False,True,False
574,13.105042934417725,4.87,56.57,-195.14,autopilot,False,True,False
575,13.12887716293335,4.87,56.69,-195.14,autopilot,False,True,False
576,13.151292562484741,4.87,56.8,-195.14,autopilot,False,True,False
577,13.174062967300415,4.87,56.91,-195.14,autopilot,False,True,False
578,13.19482135772705,4.87,57.01,-195.14,autopilot,False,True,False
579,13.21544337272644,4.87,57.11,-195.14,autopilot,False,True,False
580,13.23947787284851,4.87,57.22,-195.13,autopilot,False,True,False
581,13.259811401367188,4.87,57.33,-195.13,autopilot,False,True,False
582,13.283822774887085,4.87,57.44,-195.13,autopilot,False,True,False
583,13.307337284088135,4.87,57.56,-195.13,autopilot,False,True,False
584,13.330607891082764,4.87,57.67,-195.13,autopilot,False,True,False
585,13.353509187698364,4.87,57.78,-195.13,autopilot,False,True,False
586,13.376753568649292,4.87,57.9,-195.13,autopilot,False,True,False
587,13.399719953536987,4.87,58.01,-195.13,autopilot,False,True,False
588,13.422133445739746,4.87,58.12,-195.13,autopilot,False,True,False
589,13.443051099777222,4.87,58.22,-195.13,autopilot,False,True,False
590,13.466296911239624,4.87,58.33,-195.13,autopilot,False,True,False
591,13.489587545394897,4.87,58.44,-195.12,autopilot,False,True,False
592,13.512284755706787,4.87,58.56,-195.12,autopilot,False,True,False
593,13.535338163375854,4.87,58.67,-195.12,autopilot,False,True,False
594,13.557904720306396,4.87,58.78,-195.12,autopilot,False,True,False
595,13.58142375946045,4.86,58.89,-195.12,autopilot,False,True,False
596,13.604443550109863,4.83,59.01,-195.12,autopilot,False,True,False
597,13.624987602233887,4.8,59.1,-195.12,autopilot,False,True,False
598,13.648744344711304,4.76,59.22,-195.12,autopilot,False,True,False
599,13.671440124511719,4.71,59.32,-195.12,autopilot,False,True,False
600,13.695603132247925,4.66,59.44,-195.12,autopilot,False,True,False
601,13.71849012374878,4.62,59.54,-195.12,autopilot,False,True,False
602,13.741642236709595,4.57,59.65,-195.12,autopilot,False,True,False
603,13.764573812484741,4.52,59.75,-195.12,autopilot,False,True,False
604,13.788037538528442,4.47,59.86,-195.12,autopilot,False,True,False
605,13.811282634735107,4.42,59.96,-195.12,autopilot,False,True,False
606,13.83437442779541,4.38,60.06,-195.12,autopilot,False,True,False
607,13.857672929763794,4.33,60.16,-195.12,autopilot,False,True,False
608,13.881160259246826,4.29,60.26,-195.12,autopilot,False,True,False
609,13.903384923934937,4.25,60.36,-195.12,autopilot,False,True,False
610,13.925929546356201,4.21,60.46,-195.12,autopilot,False,True,False
611,13.94843578338623,4.17,60.55,-195.13,autopilot,False,True,False
612,13.969777345657349,4.13,60.64,-195.13,autopilot,False,True,False
613,13.991065740585327,4.1,60.73,-195.13,autopilot,False,True,False
614,14.011937379837036,4.07,60.81,-195.13,autopilot,False,True,False
615,14.0325927734375,4.04,60.9,-195.13,autopilot,False,True,False
616,14.060221910476685,4.01,60.99,-195.13,autopilot,False,True,False
617,14.081779479980469,3.98,61.09,-195.14,autopilot,False,True,False
618,14.103535175323486,3.95,61.18,-195.14,autopilot,False,True,False
619,14.125690698623657,3.93,61.27,-195.14,autopilot,False,True,False
620,14.14838457107544,3.91,61.35,-195.14,autopilot,False,True,False
621,14.170620441436768,3.9,61.43,-195.14,autopilot,False,True,False
622,14.191422700881958,3.88,61.52,-195.15,autopilot,False,True,False
623,14.214102029800415,3.86,61.61,-195.15,autopilot,False,True,False
624,14.236716270446777,3.85,61.7,-195.15,autopilot,False,True,False
625,14.258594989776611,3.84,61.78,-195.15,autopilot,False,True,False
626,14.279984474182129,3.83,61.86,-195.16,autopilot,False,True,False
627,14.301375150680542,3.82,61.95,-195.16,autopilot,False,True,False
628,14.323796033859253,3.81,62.03,-195.16,autopilot,False,True,False
629,14.345397710800171,3.8,62.11,-195.16,autopilot,False,True,False
630,14.367950916290283,3.8,62.2,-195.16,autopilot,False,True,False
631,14.392496347427368,3.79,62.29,-195.17,autopilot,False,True,False
632,14.414666175842285,3.79,62.38,-195.17,autopilot,False,True,False
633,14.436532497406006,3.78,62.46,-195.17,autopilot,False,True,False
634,14.458734035491943,3.78,62.54,-195.17,autopilot,False,True,False
635,14.480484008789062,3.78,62.62,-195.18,autopilot,False,True,False
636,14.501894474029541,3.77,62.71,-195.18,autopilot,False,True,False
637,14.523351192474365,3.77,62.79,-195.18,autopilot,False,True,False
638,14.544711589813232,3.77,62.87,-195.18,autopilot,False,True,False
639,14.566195726394653,3.77,62.95,-195.19,autopilot,False,True,False
640,14.587883472442627,3.77,63.03,-195.19,autopilot,False,True,False
641,14.61214828491211,3.77,63.11,-195.19,autopilot,False,True,False
642,14.63382363319397,3.77,63.2,-195.19,autopilot,False,True,False
643,14.655405044555664,3.77,63.28,-195.19,autopilot,False,True,False
644,14.67672085762024,3.76,63.37,-195.2,autopilot,False,True,False
645,14.697971820831299,3.76,63.45,-195.2,autopilot,False,True,False
646,14.720231771469116,3.76,63.53,-195.2,autopilot,False,True,False
647,14.74249267578125,3.76,63.61,-195.2,autopilot,False,True,False
648,14.764291763305664,3.76,63.69,-195.2,autopilot,False,True,False
649,14.78558611869812,3.76,63.77,-195.21,autopilot,False,True,False
650,14.807374477386475,3.76,63.86,-195.21,autopilot,False,True,False
651,14.828253269195557,3.76,63.94,-195.21,autopilot,False,True,False
652,14.849237203598022,3.76,64.01,-195.21,autopilot,False,True,False
653,14.872844696044922,3.77,64.1,-195.21,autopilot,False,True,False
654,14.894664525985718,3.76,64.19,-195.21,autopilot,False,True,False
655,14.91657829284668,3.74,64.27,-195.22,autopilot,False,True,False
656,14.938506841659546,3.7,64.35,-195.22,autopilot,False,True,False
657,14.959857940673828,3.64,64.43,-195.22,autopilot,False,True,False
658,14.980160474777222,3.56,64.5,-195.22,autopilot,False,True,False
659,15.00063681602478,3.48,64.57,-195.22,autopilot,False,True,False
660,15.02188515663147,3.4,64.64,-195.22,autopilot,False,True,False
661,15.042744398117065,3.32,64.71,-195.23,autopilot,False,True,False
662,15.063358068466187,3.25,64.78,-195.23,autopilot,False,True,False
663,15.085882186889648,3.17,64.85,-195.23,autopilot,False,True,False
664,15.106699466705322,3.1,64.92,-195.23,autopilot,False,True,False
665,15.127126216888428,3.04,64.98,-195.24,autopilot,False,True,False
666,15.14884877204895,2.98,65.05,-195.24,autopilot,False,True,False
667,15.170555591583252,2.93,65.1,-195.24,autopilot,False,True,False
668,15.191957473754883,2.88,65.17,-195.24,autopilot,False,True,False
669,15.214348793029785,2.83,65.23,-195.25,autopilot,False,True,False
670,15.23609185218811,2.79,65.3,-195.25,autopilot,False,True,False
671,15.258248805999756,2.75,65.36,-195.25,autopilot,False,True,False
672,15.279279470443726,2.73,65.41,-195.25,autopilot,False,True,False
673,15.302418231964111,2.69,65.48,-195.26,autopilot,False,True,False
674,15.323131084442139,2.66,65.53,-195.26,autopilot,False,True,False
675,15.344411849975586,2.63,65.59,-195.26,autopilot,False,True,False
676,15.365360736846924,2.61,65.64,-195.27,autopilot,False,True,False
677,15.386366128921509,2.59,65.7,-195.27,autopilot,False,True,False
678,15.407824754714966,2.56,65.75,-195.27,autopilot,False,True,False
679,15.42829442024231,2.54,65.81,-195.28,autopilot,False,True,False
680,15.451684713363647,2.52,65.87,-195.28,autopilot,False,True,False
681,15.473111629486084,2.51,65.92,-195.28,autopilot,False,True,False
682,15.493823766708374,2.49,65.97,-195.29,autopilot,False,True,False
683,15.514639377593994,2.48,66.02,-195.29,autopilot,False,True,False
684,15.536649703979492,2.47,66.08,-195.29,autopilot,False,True,False
685,15.55822229385376,2.46,66.13,-195.3,autopilot,False,True,False
686,15.579440355300903,2.45,66.18,-195.3,autopilot,False,True,False
687,15.600214719772339,2.45,66.23,-195.3,autopilot,False,True,False
688,15.621148109436035,2.44,66.28,-195.3,autopilot,False,True,False
689,15.641985654830933,2.44,66.33,-195.31,autopilot,False,True,False
690,15.665331602096558,2.43,66.39,-195.31,autopilot,False,True,False
691,15.690870523452759,2.43,66.45,-195.31,autopilot,False,True,False
692,15.713639497756958,2.43,66.51,-195.32,autopilot,False,True,False
693,15.736941576004028,2.43,66.57,-195.32,autopilot,False,True,False
694,15.760743856430054,2.43,66.62,-195.32,autopilot,False,True,False
695,15.781492948532104,2.43,66.67,-195.33,autopilot,False,True,False
696,15.802102327346802,2.44,66.72,-195.33,autopilot,False,True,False
697,15.825408935546875,2.44,66.78,-195.33,autopilot,False,True,False
698,15.848810911178589,2.44,66.84,-195.33,autopilot,False,True,False
699,15.86989951133728,2.44,66.89,-195.34,autopilot,False,True,False
700,15.894043684005737,2.45,66.95,-195.34,autopilot,False,True,False
701,15.914746522903442,2.45,67.0,-195.34,autopilot,False,True,False
702,15.938406229019165,2.46,67.06,-195.35,autopilot,False,True,False
703,15.961830615997314,2.46,67.11,-195.35,autopilot,False,True,False
704,15.984923124313354,2.46,67.17,-195.35,autopilot,False,True,False
705,16.00810933113098,2.47,67.23,-195.35,autopilot,False,True,False
706,16.030759572982788,2.47,67.28,-195.36,autopilot,False,True,False
707,16.059734344482422,2.48,67.34,-195.36,autopilot,False,True,False
708,16.082638263702393,2.48,67.41,-195.36,manual,False,True,True
709,16.10580062866211,2.48,67.47,-195.37,pure_pursuit,False,True,True
710,16.129324436187744,2.48,67.53,-195.37,pure_pursuit,False,True,True
711,16.154921531677246,2.49,67.58,-195.37,pure_pursuit,False,True,True
712,16.178362131118774,2.49,67.65,-195.36,pure_pursuit,False,True,True
713,16.201244354248047,2.49,67.7,-195.36,pure_pursuit,False,True,True
714,16.222614765167236,2.49,67.77,-195.35,pure_pursuit,False,True,True
715,16.246190547943115,2.49,67.82,-195.35,pure_pursuit,False,True,True
716,16.267696619033813,2.49,67.87,-195.34,pure_pursuit,False,True,True
717,16.288761615753174,2.49,67.92,-195.33,pure_pursuit,False,True,True
718,16.30978274345398,2.48,67.97,-195.32,pure_pursuit,False,True,True
719,16.330976009368896,2.48,68.02,-195.3,pure_pursuit,False,True,True
720,16.351869821548462,2.47,68.07,-195.29,pure_pursuit,False,True,True
721,16.375492095947266,2.46,68.12,-195.27,pure_pursuit,False,True,True
722,16.39726424217224,2.45,68.17,-195.25,pure_pursuit,False,True,True
723,16.418054819107056,2.44,68.21,-195.23,pure_pursuit,False,True,True
724,16.439526081085205,2.43,68.26,-195.21,pure_pursuit,False,True,True
725,16.460997104644775,2.41,68.3,-195.18,pure_pursuit,False,True,True
726,16.483336210250854,2.39,68.34,-195.15,pure_pursuit,False,True,True
727,16.505760669708252,2.37,68.38,-195.12,pure_pursuit,False,True,True
728,16.528759241104126,2.38,68.42,-195.09,pure_pursuit,False,True,True
729,16.552534818649292,2.39,68.46,-195.06,pure_pursuit,False,True,True
730,16.576624155044556,2.4,68.5,-195.02,pure_pursuit,False,True,True
731,16.60073447227478,2.41,68.54,-194.98,pure_pursuit,False,True,True
732,16.621891260147095,2.43,68.57,-194.95,pure_pursuit,False,True,True
733,16.642698764801025,2.44,68.6,-194.91,pure_pursuit,False,True,True
734,16.66604733467102,2.45,68.64,-194.87,pure_pursuit,False,True,True
735,16.6889591217041,2.47,68.67,-194.84,pure_pursuit,False,True,True
736,16.71185851097107,2.48,68.7,-194.79,pure_pursuit,False,True,True
737,16.736050844192505,2.49,68.74,-194.75,pure_pursuit,False,True,True
738,16.760931253433228,2.51,68.77,-194.71,pure_pursuit,False,True,True
739,16.78609013557434,2.52,68.8,-194.66,pure_pursuit,False,True,True
740,16.811217784881592,2.54,68.84,-194.61,pure_pursuit,False,True,True
741,16.83290195465088,2.55,68.86,-194.57,pure_pursuit,False,True,True
742,16.85405659675598,2.56,68.89,-194.52,pure_pursuit,False,True,True
743,16.87755274772644,2.57,68.92,-194.48,pure_pursuit,False,True,True
744,16.90175461769104,2.58,68.94,-194.43,pure_pursuit,False,True,True
745,16.925626754760742,2.6,68.97,-194.38,pure_pursuit,False,True,True
746,16.950618028640747,2.61,69.0,-194.32,pure_pursuit,False,True,True
747,16.974419116973877,2.62,69.02,-194.27,pure_pursuit,False,True,True
748,16.99931001663208,2.64,69.05,-194.21,pure_pursuit,False,True,True
749,17.02430295944214,2.65,69.07,-194.16,pure_pursuit,False,True,True
750,17.049301624298096,2.66,69.09,-194.1,pure_pursuit,False,True,True
751,17.077035903930664,2.67,69.11,-194.04,pure_pursuit,False,True,True
752,17.09940004348755,2.68,69.13,-193.98,pure_pursuit,False,True,True
753,17.120906352996826,2.7,69.15,-193.93,autopilot,False,True,False
754,17.142951488494873,2.73,69.16,-193.88,autopilot,False,True,False
755,17.165609121322632,2.73,69.18,-193.83,autopilot,False,True,False
756,17.19318437576294,2.69,69.21,-193.76,autopilot,False,True,False
757,17.219379901885986,2.61,69.24,-193.7,autopilot,False,True,False
758,17.24281883239746,2.5,69.27,-193.65,autopilot,False,True,False
759,17.267441987991333,2.36,69.3,-193.6,autopilot,False,True,False
760,17.29160475730896,2.18,69.33,-193.56,autopilot,False,True,False
761,17.315385103225708,2.0,69.37,-193.52,autopilot,False,True,False
762,17.339712619781494,1.81,69.4,-193.49,autopilot,False,True,False
763,17.363728523254395,1.62,69.43,-193.46,autopilot,False,True,False
764,17.387144327163696,1.44,69.45,-193.44,autopilot,False,True,False
765,17.411768198013306,1.25,69.48,-193.42,autopilot,False,True,False
766,17.435290098190308,1.06,69.5,-193.4,autopilot,False,True,False
767,17.460309982299805,0.88,69.52,-193.39,autopilot,False,True,False
768,17.483412742614746,0.7,69.53,-193.38,autopilot,False,True,False
769,17.50892686843872,0.43,69.54,-193.37,autopilot,False,True,False
770,17.533740997314453,0.03,69.55,-193.37,autopilot,False,True,False
771,17.55688786506653,0.0,69.55,-193.37,autopilot,False,True,False
772,17.581250190734863,0.0,69.55,-193.37,autopilot,False,True,False
773,17.605706930160522,0.0,69.55,-193.37,autopilot,False,True,False
774,17.630225896835327,0.0,69.55,-193.37,autopilot,False,True,False
775,17.654672861099243,0.0,69.55,-193.37,autopilot,False,True,False
776,17.67852544784546,0.0,69.55,-193.37,autopilot,False,True,False
777,17.702650547027588,0.0,69.55,-193.37,autopilot,False,True,False
778,17.732726097106934,0.0,69.55,-193.37,autopilot,False,True,False
779,17.756253719329834,0.0,69.55,-193.37,autopilot,False,True,False
780,17.7812180519104,0.0,69.55,-193.37,autopilot,False,True,False
781,17.804722785949707,0.0,69.55,-193.37,autopilot,False,True,False
782,17.829099416732788,0.0,69.55,-193.37,autopilot,False,True,False
783,17.853083848953247,0.0,69.55,-193.37,autopilot,False,True,False
784,17.879154205322266,0.0,69.55,-193.37,autopilot,False,True,False
785,17.90315270423889,0.0,69.55,-193.37,autopilot,False,True,False
786,17.927536249160767,0.0,69.55,-193.37,autopilot,False,True,False
787,17.95186686515808,0.0,69.55,-193.37,autopilot,False,True,False
788,17.975540161132812,0.0,69.55,-193.37,autopilot,False,True,False
789,17.999704599380493,0.0,69.55,-193.36,autopilot,False,True,False
790,18.022242069244385,0.0,69.55,-193.36,autopilot,False,True,False
791,18.046724319458008,0.0,69.55,-193.36,autopilot,False,True,False
792,18.069438457489014,0.0,69.55,-193.36,autopilot,False,True,False
793,18.095674753189087,0.0,69.55,-193.36,autopilot,False,True,False
794,18.119818210601807,0.0,69.55,-193.36,autopilot,False,True,False
795,18.143768072128296,0.0,69.55,-193.36,autopilot,False,True,False
796,18.16820192337036,0.0,69.55,-193.36,autopilot,False,True,False
797,18.196650981903076,0.0,69.55,-193.36,autopilot,False,True,False
798,18.223251342773438,0.0,69.55,-193.36,autopilot,False,True,False
799,18.24734115600586,0.0,69.55,-193.36,autopilot,False,True,False
800,18.27094006538391,0.0,69.55,-193.36,autopilot,False,True,False
801,18.295417547225952,0.0,69.55,-193.36,autopilot,False,True,False
802,18.322232961654663,0.0,69.55,-193.36,autopilot,False,True,False
803,18.34688377380371,0.0,69.55,-193.36,autopilot,False,True,False
804,18.370071411132812,0.0,69.55,-193.36,autopilot,False,True,False
805,18.39268398284912,0.0,69.55,-193.36,autopilot,False,True,False
806,18.417186498641968,0.0,69.55,-193.36,autopilot,False,True,False
807,18.441696405410767,0.0,69.55,-193.36,autopilot,False,True,False
808,18.466306447982788,0.0,69.55,-193.36,autopilot,False,True,False
809,18.490077018737793,0.0,69.55,-193.36,autopilot,False,True,False
810,18.513967275619507,0.0,69.55,-193.36,autopilot,False,True,False
811,18.537271976470947,0.0,69.55,-193.36,autopilot,False,True,False
812,18.56151843070984,0.0,69.55,-193.36,autopilot,False,True,False
813,18.587034940719604,0.0,69.55,-193.36,autopilot,False,True,False
814,18.610738277435303,0.0,69.55,-193.36,autopilot,False,True,False
815,18.633521556854248,0.0,69.55,-193.36,autopilot,False,True,False
816,18.65682029724121,0.0,69.55,-193.36,autopilot,False,True,False
817,18.68029475212097,0.0,69.55,-193.36,autopilot,False,True,False
818,18.703587770462036,0.0,69.55,-193.36,autopilot,False,True,False
819,18.72656488418579,0.0,69.55,-193.36,autopilot,False,True,False
820,18.748666524887085,0.0,69.55,-193.36,autopilot,False,True,False
821,18.771623134613037,0.0,69.55,-193.36,autopilot,False,True,False
822,18.794934511184692,0.0,69.55,-193.36,autopilot,False,True,False
823,18.81883454322815,0.0,69.55,-193.36,autopilot,False,True,False
824,18.84241509437561,0.0,69.55,-193.36,autopilot,False,True,False
825,18.866536855697632,0.0,69.55,-193.36,autopilot,False,True,False
826,18.891573429107666,0.0,69.55,-193.36,autopilot,False,True,False
827,18.9160213470459,0.0,69.55,-193.36,autopilot,False,True,False
828,18.940134286880493,0.0,69.55,-193.36,autopilot,False,True,False
829,18.965250968933105,0.0,69.55,-193.36,autopilot,False,True,False
830,18.987388372421265,0.0,69.55,-193.36,autopilot,False,True,False
831,19.010944604873657,0.0,69.55,-193.36,autopilot,False,True,False
832,19.034200429916382,0.0,69.55,-193.36,autopilot,False,True,False
833,19.065460205078125,0.0,69.55,-193.36,autopilot,False,True,False
834,19.091723918914795,0.0,69.55,-193.36,autopilot,False,True,False
835,19.115790843963623,0.0,69.55,-193.36,autopilot,False,True,False
836,19.140035152435303,0.0,69.55,-193.36,autopilot,False,True,False
837,19.164133071899414,0.0,69.55,-193.36,autopilot,False,True,False
838,19.192346811294556,0.0,69.55,-193.36,autopilot,False,True,False
839,19.21904683113098,0.0,69.55,-193.36,autopilot,False,True,False
840,19.242778301239014,0.0,69.55,-193.36,autopilot,False,True,False
841,19.265875339508057,0.0,69.55,-193.36,autopilot,False,True,False
842,19.29031801223755,0.0,69.55,-193.36,autopilot,False,True,False
843,19.314459323883057,0.0,69.55,-193.36,autopilot,False,True,False
844,19.338732481002808,0.0,69.55,-193.36,autopilot,False,True,False
845,19.36169958114624,0.0,69.55,-193.36,autopilot,False,True,False
846,19.3860981464386,0.0,69.55,-193.36,autopilot,False,True,False
847,19.409651041030884,0.0,69.55,-193.36,autopilot,False,True,False
848,19.434391498565674,0.0,69.55,-193.36,autopilot,False,True,False
849,19.45793390274048,0.0,69.55,-193.36,autopilot,False,True,False
850,19.48162579536438,0.0,69.55,-193.36,autopilot,False,True,False
851,19.505858421325684,0.0,69.55,-193.36,autopilot,False,True,False
852,19.531226634979248,0.0,69.55,-193.36,autopilot,False,True,False
853,19.555803537368774,0.0,69.55,-193.36,autopilot,False,True,False
854,19.580533027648926,0.0,69.55,-193.36,autopilot,False,True,False
855,19.603211641311646,0.0,69.55,-193.36,autopilot,False,True,False
856,19.62762212753296,0.0,69.55,-193.36,autopilot,False,True,False
857,19.652398824691772,0.0,69.55,-193.36,autopilot,False,True,False
858,19.676451206207275,0.0,69.55,-193.36,autopilot,False,True,False
859,19.701382398605347,0.0,69.55,-193.36,autopilot,False,True,False
860,19.724697828292847,0.0,69.55,-193.36,autopilot,False,True,False
861,19.748848915100098,0.0,69.55,-193.36,autopilot,False,True,False
862,19.772972106933594,0.0,69.55,-193.36,autopilot,False,True,False
863,19.797267198562622,0.0,69.55,-193.36,autopilot,False,True,False
864,19.821475505828857,0.0,69.55,-193.36,autopilot,False,True,False
865,19.84434485435486,0.0,69.55,-193.36,autopilot,False,True,False
866,19.86896324157715,0.0,69.55,-193.36,autopilot,False,True,False
867,19.893147468566895,0.0,69.55,-193.36,autopilot,False,True,False
868,19.917238473892212,0.0,69.55,-193.36,autopilot,False,True,False
869,19.942686080932617,0.0,69.55,-193.36,autopilot,False,True,False
870,19.965837240219116,0.0,69.55,-193.36,autopilot,False,True,False
871,19.990235328674316,0.0,69.55,-193.36,autopilot,False,True,False
872,20.013863563537598,0.0,69.55,-193.36,autopilot,False,True,False
873,20.037277460098267,0.0,69.55,-193.36,autopilot,False,True,False
874,20.066789388656616,0.0,69.55,-193.36,autopilot,False,True,False
875,20.091965675354004,0.0,69.55,-193.36,autopilot,False,True,False
876,20.116636514663696,0.0,69.55,-193.36,autopilot,False,True,False
877,20.140303134918213,0.0,69.55,-193.36,autopilot,False,True,False
878,20.16381335258484,0.0,69.55,-193.36,autopilot,False,True,False
879,20.19144582748413,0.0,69.55,-193.36,autopilot,False,True,False
880,20.21697163581848,0.0,69.55,-193.36,autopilot,False,True,False
881,20.240675449371338,0.0,69.55,-193.36,autopilot,False,True,False
882,20.26408314704895,0.0,69.55,-193.36,autopilot,False,True,False
883,20.287376403808594,0.0,69.55,-193.36,autopilot,False,True,False
884,20.310805320739746,0.0,69.55,-193.36,autopilot,False,True,False
885,20.334468841552734,0.0,69.55,-193.36,autopilot,False,True,False
886,20.35863733291626,0.0,69.55,-193.36,autopilot,False,True,False
887,20.382352352142334,0.0,69.55,-193.36,autopilot,False,True,False
888,20.405723333358765,0.0,69.55,-193.36,autopilot,False,True,False
889,20.42849373817444,0.0,69.55,-193.36,autopilot,False,True,False
890,20.452134370803833,0.0,69.55,-193.36,autopilot,False,True,False
891,20.475207090377808,0.0,69.55,-193.36,autopilot,False,True,False
892,20.499240159988403,0.0,69.55,-193.36,autopilot,False,True,False
893,20.52219247817993,0.0,69.55,-193.36,autopilot,False,True,False
894,20.54530620574951,0.0,69.55,-193.36,autopilot,False,True,False
895,20.56953525543213,0.0,69.55,-193.36,autopilot,False,True,False
896,20.592901706695557,0.0,69.55,-193.36,autopilot,False,True,False
897,20.615981578826904,0.0,69.55,-193.36,autopilot,False,True,False
898,20.6396427154541,0.0,69.55,-193.36,autopilot,False,True,False
899,20.66199278831482,0.0,69.55,-193.36,autopilot,False,True,False
900,20.68537735939026,0.0,69.55,-193.36,autopilot,False,True,False
901,20.70921778678894,0.0,69.55,-193.36,autopilot,False,True,False
902,20.7328622341156,0.0,69.55,-193.36,autopilot,False,True,False
903,20.756119966506958,0.0,69.55,-193.36,autopilot,False,True,False
904,20.77881407737732,0.0,69.55,-193.36,autopilot,False,True,False
905,20.802109003067017,0.0,69.55,-193.36,autopilot,False,True,False
906,20.825109720230103,0.0,69.55,-193.36,autopilot,False,True,False
907,20.848907232284546,0.0,69.55,-193.36,autopilot,False,True,False
908,20.87346076965332,0.0,69.55,-193.36,autopilot,False,True,False
909,20.90000033378601,0.0,69.55,-193.36,autopilot,False,True,False
910,20.92494010925293,0.0,69.55,-193.36,autopilot,False,True,False
911,20.949034452438354,0.0,69.55,-193.36,autopilot,False,True,False
912,20.97200655937195,0.0,69.55,-193.36,autopilot,False,True,False
913,20.99595284461975,0.0,69.55,-193.36,autopilot,False,True,False
914,21.019399166107178,0.0,69.55,-193.36,autopilot,False,True,False
915,21.043013095855713,0.0,69.55,-193.36,autopilot,False,True,False
916,21.064707040786743,0.0,69.55,-193.36,autopilot,False,True,False
917,21.090389490127563,0.0,69.55,-193.36,autopilot,False,True,False
918,21.115636348724365,0.0,69.55,-193.36,autopilot,False,True,False
919,21.139145612716675,0.0,69.55,-193.36,autopilot,False,True,False
920,21.16140365600586,0.0,69.55,-193.36,autopilot,False,True,False
921,21.188899517059326,0.0,69.55,-193.36,autopilot,False,True,False
922,21.215155839920044,0.0,69.55,-193.36,autopilot,False,True,False
923,21.238093376159668,0.0,69.55,-193.36,autopilot,False,True,False
924,21.26194930076599,0.0,69.55,-193.36,autopilot,False,True,False
925,21.285698890686035,0.0,69.55,-193.36,autopilot,False,True,False
926,21.309065580368042,0.0,69.55,-193.36,autopilot,False,True,False
927,21.33336114883423,0.0,69.55,-193.36,autopilot,False,True,False
928,21.35791563987732,0.0,69.55,-193.36,autopilot,False,True,False
929,21.380091905593872,0.0,69.55,-193.36,autopilot,False,True,False
930,21.404634952545166,0.0,69.55,-193.36,autopilot,False,True,False
931,21.42772364616394,0.0,69.55,-193.36,autopilot,False,True,False
932,21.452572107315063,0.0,69.55,-193.36,autopilot,False,True,False
933,21.476946115493774,0.0,69.55,-193.36,autopilot,False,True,False
934,21.500040531158447,0.0,69.55,-193.36,autopilot,False,True,False
935,21.523399353027344,0.0,69.55,-193.36,autopilot,False,True,False
936,21.548336029052734,0.0,69.55,-193.36,autopilot,False,True,False
937,21.57226037979126,0.0,69.55,-193.36,autopilot,False,True,False
938,21.595685720443726,0.0,69.55,-193.36,autopilot,False,True,False
939,21.618089199066162,0.0,69.55,-193.36,autopilot,False,True,False
940,21.642507791519165,0.0,69.55,-193.36,autopilot,False,True,False
941,21.66644597053528,0.0,69.55,-193.36,autopilot,False,True,False
942,21.689467191696167,0.0,69.55,-193.36,autopilot,False,True,False
943,21.714478492736816,0.0,69.55,-193.36,autopilot,False,True,False
944,21.736830472946167,0.0,69.55,-193.36,autopilot,False,True,False
945,21.76082706451416,0.0,69.55,-193.36,autopilot,False,True,False
946,21.786078691482544,0.0,69.55,-193.36,autopilot,False,True,False
947,21.81078052520752,0.0,69.55,-193.36,autopilot,False,True,False
948,21.834497451782227,0.0,69.55,-193.36,autopilot,False,True,False
949,21.857392072677612,0.0,69.55,-193.36,autopilot,False,True,False
950,21.88314914703369,0.0,69.55,-193.36,autopilot,False,True,False
951,21.90770125389099,0.0,69.55,-193.36,autopilot,False,True,False
952,21.932384729385376,0.0,69.55,-193.36,autopilot,False,True,False
953,21.95672607421875,0.0,69.55,-193.36,autopilot,False,True,False
954,21.979363203048706,0.0,69.55,-193.36,autopilot,False,True,False
955,22.000762701034546,0.0,69.55,-193.36,autopilot,False,True,False
956,22.024973392486572,0.0,69.55,-193.36,autopilot,False,True,False
957,22.05057716369629,0.0,69.55,-193.36,autopilot,False,True,False
958,22.073299884796143,0.0,69.55,-193.36,autopilot,False,True,False
959,22.100958585739136,0.0,69.55,-193.36,autopilot,False,True,False
960,22.124475240707397,0.0,69.55,-193.36,autopilot,False,True,False
961,22.149020433425903,0.0,69.55,-193.36,autopilot,False,True,False
962,22.177064657211304,0.0,69.55,-193.36,autopilot,False,True,False
963,22.203768253326416,0.0,69.55,-193.36,autopilot,False,True,False
964,22.228426456451416,0.0,69.55,-193.36,autopilot,False,True,False
965,22.25303816795349,0.0,69.55,-193.36,autopilot,False,True,False
966,22.27697491645813,0.0,69.55,-193.36,autopilot,False,True,False
967,22.30149531364441,0.0,69.55,-193.36,manual,False,True,True
968,22.32634925842285,0.0,69.55,-193.36,pure_pursuit,False,True,True
969,22.349477767944336,0.0,69.55,-193.36,pure_pursuit,False,True,True
970,22.372872591018677,0.0,69.55,-193.36,pure_pursuit,False,True,True
971,22.39634680747986,0.0,69.55,-193.36,pure_pursuit,False,True,True
972,22.420761823654175,0.03,69.55,-193.36,pure_pursuit,False,True,True
973,22.44425678253174,0.01,69.55,-193.36,pure_pursuit,False,True,True
974,22.46805477142334,0.04,69.55,-193.36,pure_pursuit,False,True,True
975,22.490529775619507,0.01,69.55,-193.36,pure_pursuit,False,True,True
976,22.513409852981567,0.06,69.55,-193.36,pure_pursuit,False,True,True
977,22.536704063415527,0.05,69.55,-193.36,pure_pursuit,False,True,True
978,22.561042547225952,0.09,69.55,-193.36,pure_pursuit,False,True,True
979,22.585280656814575,0.11,69.55,-193.36,pure_pursuit,False,True,True
980,22.6087863445282,0.14,69.55,-193.36,pure_pursuit,False,True,True
981,22.632603406906128,0.15,69.56,-193.36,pure_pursuit,False,True,True
982,22.656509399414062,0.18,69.56,-193.36,pure_pursuit,False,True,True
983,22.680083990097046,0.19,69.57,-193.36,pure_pursuit,False,True,True
984,22.704063653945923,0.23,69.57,-193.36,pure_pursuit,False,True,True
985,22.726632356643677,0.25,69.58,-193.36,pure_pursuit,False,True,True
986,22.749556064605713,0.29,69.58,-193.36,pure_pursuit,False,True,True
987,22.773410320281982,0.33,69.59,-193.36,pure_pursuit,False,True,True
988,22.796581268310547,0.35,69.6,-193.36,pure_pursuit,False,True,True
989,22.819451570510864,0.39,69.6,-193.36,pure_pursuit,False,True,True
990,22.841955423355103,0.42,69.61,-193.35,pure_pursuit,False,True,True
991,22.866098403930664,0.44,69.62,-193.35,pure_pursuit,False,True,True
992,22.8907687664032,0.47,69.63,-193.35,pure_pursuit,False,True,True
993,22.915802478790283,0.5,69.64,-193.35,pure_pursuit,False,True,True
994,22.94093918800354,0.53,69.66,-193.35,pure_pursuit,False,True,True
995,22.962135076522827,0.56,69.67,-193.35,pure_pursuit,False,True,True
996,22.986529111862183,0.59,69.68,-193.35,pure_pursuit,False,True,True
997,23.009222745895386,0.62,69.69,-193.34,pure_pursuit,False,True,True
998,23.038779735565186,0.65,69.7,-193.34,pure_pursuit,False,True,True
999,23.06722378730774,0.69,69.72,-193.34,pure_pursuit,False,True,True
1000,23.0906879901886,0.72,69.74,-193.34,pure_pursuit,False,True,True
1001,23.114269971847534,0.74,69.76,-193.34,pure_pursuit,False,True,True
1002,23.136576890945435,0.77,69.77,-193.34,pure_pursuit,False,True,True
1003,23.158275604248047,0.79,69.79,-193.34,pure_pursuit,False,True,True
1004,23.183194398880005,0.83,69.81,-193.34,pure_pursuit,False,True,True
1005,23.206380367279053,0.85,69.82,-193.34,pure_pursuit,False,True,True
1006,23.228163480758667,0.87,69.84,-193.33,pure_pursuit,False,True,True
1007,23.249893188476562,0.89,69.86,-193.33,pure_pursuit,False,True,True
1008,23.277047157287598,0.92,69.88,-193.33,pure_pursuit,False,True,True
1009,23.303284406661987,0.95,69.91,-193.33,pure_pursuit,False,True,True
1010,23.329952478408813,0.98,69.93,-193.33,pure_pursuit,False,True,True
1011,23.358537673950195,1.0,69.95,-193.33,pure_pursuit,False,True,True
1012,23.37949228286743,1.03,69.97,-193.33,pure_pursuit,False,True,True
1013,23.406880140304565,1.05,70.0,-193.33,pure_pursuit,False,True,True
1014,23.433666467666626,1.08,70.03,-193.33,pure_pursuit,False,True,True
1015,23.46104097366333,1.11,70.05,-193.34,pure_pursuit,False,True,True
1016,23.48702096939087,1.13,70.08,-193.34,pure_pursuit,False,True,True
1017,23.51152801513672,1.15,70.11,-193.34,pure_pursuit,False,True,True
1018,23.536569118499756,1.18,70.14,-193.34,pure_pursuit,False,True,True
1019,23.562891244888306,1.2,70.16,-193.34,pure_pursuit,False,True,True
1020,23.58824920654297,1.23,70.19,-193.35,pure_pursuit,False,True,True
1021,23.612690448760986,1.25,70.22,-193.35,pure_pursuit,False,True,True
1022,23.637236833572388,1.27,70.25,-193.35,pure_pursuit,False,True,True
1023,23.662878036499023,1.29,70.28,-193.36,pure_pursuit,False,True,True
1024,23.686939001083374,1.32,70.31,-193.36,pure_pursuit,False,True,True
1025,23.7109854221344,1.34,70.34,-193.37,pure_pursuit,False,True,True
1026,23.732819318771362,1.36,70.36,-193.37,pure_pursuit,False,True,True
1027,23.754600524902344,1.38,70.39,-193.38,pure_pursuit,False,True,True
1028,23.777316331863403,1.39,70.42,-193.38,pure_pursuit,False,True,True
1029,23.800543069839478,1.41,70.45,-193.39,pure_pursuit,False,True,True
1030,23.822468280792236,1.43,70.48,-193.39,pure_pursuit,False,True,True
1031,23.84760618209839,1.45,70.51,-193.4,pure_pursuit,False,True,True
1032,23.870081663131714,1.47,70.54,-193.41,pure_pursuit,False,True,True
1033,23.89340376853943,1.49,70.57,-193.42,pure_pursuit,False,True,True
1034,23.918434381484985,1.51,70.6,-193.42,pure_pursuit,False,True,True
1035,23.943543672561646,1.53,70.64,-193.43,pure_pursuit,False,True,True
1036,23.968121767044067,1.55,70.67,-193.44,pure_pursuit,False,True,True
1037,23.991827964782715,1.57,70.7,-193.45,pure_pursuit,False,True,True
1038,24.01556658744812,1.59,70.74,-193.47,pure_pursuit,False,True,True
1039,24.03827667236328,1.61,70.77,-193.48,pure_pursuit,False,True,True
1040,24.061474800109863,1.62,70.79,-193.49,pure_pursuit,False,True,True
1041,24.08604121208191,1.64,70.83,-193.5,pure_pursuit,False,True,True
1042,24.107271671295166,1.66,70.87,-193.51,pure_pursuit,False,True,True
1043,24.128289222717285,1.68,70.89,-193.53,pure_pursuit,False,True,True
1044,24.152859210968018,1.7,70.93,-193.54,pure_pursuit,False,True,True
1045,24.177388429641724,1.71,70.96,-193.56,pure_pursuit,False,True,True
1046,24.198256254196167,1.73,71.0,-193.57,pure_pursuit,False,True,True
1047,24.221996784210205,1.75,71.03,-193.59,pure_pursuit,False,True,True
1048,24.2455952167511,1.77,71.06,-193.6,pure_pursuit,False,True,True
1049,24.26827597618103,1.78,71.1,-193.62,pure_pursuit,False,True,True
1050,24.289618492126465,1.8,71.13,-193.64,pure_pursuit,False,True,True
1051,24.315905809402466,1.82,71.16,-193.66,pure_pursuit,False,True,True
1052,24.33867311477661,1.83,71.2,-193.68,pure_pursuit,False,True,True
1053,24.36232304573059,1.85,71.23,-193.7,pure_pursuit,False,True,True
1054,24.38749361038208,1.87,71.26,-193.72,pure_pursuit,False,True,True
1055,24.408313751220703,1.88,71.3,-193.74,pure_pursuit,False,True,True
1056,24.429404497146606,1.9,71.33,-193.76,pure_pursuit,False,True,True
1057,24.45363187789917,1.92,71.37,-193.79,pure_pursuit,False,True,True
1058,24.47727942466736,1.93,71.4,-193.81,pure_pursuit,False,True,True
1059,24.497856855392456,1.95,71.43,-193.83,pure_pursuit,False,True,True
1060,24.520552158355713,1.96,71.46,-193.86,pure_pursuit,False,True,True
1061,24.54299569129944,1.98,71.49,-193.88,pure_pursuit,False,True,True
1062,24.564815521240234,1.99,71.53,-193.91,pure_pursuit,False,True,True
1063,24.588780641555786,2.01,71.56,-193.94,pure_pursuit,False,True,True
1064,24.60966205596924,2.03,71.59,-193.96,pure_pursuit,False,True,True
1065,24.631930589675903,2.05,71.62,-193.99,autopilot,False,True,False
1066,24.6528537273407,2.07,71.65,-194.02,autopilot,False,True,False
1067,24.676143884658813,2.06,71.69,-194.05,autopilot,False,True,False
1068,24.69724154472351,2.02,71.72,-194.07,autopilot,False,True,False
1069,24.71795916557312,1.96,71.75,-194.09,autopilot,False,True,False
1070,24.740153074264526,1.86,71.79,-194.11,autopilot,False,True,False
1071,24.76106882095337,1.76,71.82,-194.13,autopilot,False,True,False
1072,24.781946182250977,1.63,71.85,-194.15,autopilot,False,True,False
1073,24.80487823486328,1.47,71.88,-194.17,autopilot,False,True,False
1074,24.826602458953857,1.32,71.91,-194.18,autopilot,False,True,False
1075,24.847821712493896,1.17,71.93,-194.19,autopilot,False,True,False
1076,24.868793964385986,1.02,71.95,-194.2,autopilot,False,True,False
1077,24.89006471633911,0.87,71.97,-194.21,autopilot,False,True,False
1078,24.91257882118225,0.7,71.98,-194.22,autopilot,False,True,False
1079,24.935497999191284,0.54,71.99,-194.23,autopilot,False,True,False
1080,24.956995964050293,0.38,72.0,-194.23,autopilot,False,True,False
1081,24.979499578475952,0.12,72.01,-194.24,autopilot,False,True,False
1082,25.001858711242676,0.0,72.01,-194.24,autopilot,False,True,False
1083,25.02442741394043,0.0,72.01,-194.24,autopilot,False,True,False
1084,25.04683804512024,0.0,72.01,-194.24,autopilot,False,True,False
1085,25.06850576400757,0.0,72.01,-194.24,autopilot,False,True,False
1086,25.089123010635376,0.0,72.01,-194.24,autopilot,False,True,False
1087,25.10976529121399,0.0,72.01,-194.24,autopilot,False,True,False
1088,25.130271196365356,0.0,72.01,-194.24,autopilot,False,True,False
1089,25.153524160385132,0.0,72.01,-194.24,autopilot,False,True,False
1090,25.176076650619507,0.0,72.01,-194.24,autopilot,False,True,False
1091,25.1978600025177,0.0,72.01,-194.24,autopilot,False,True,False
1092,25.219035625457764,0.0,72.01,-194.24,autopilot,False,True,False
1093,25.24227476119995,0.0,72.01,-194.24,autopilot,False,True,False
1094,25.262738704681396,0.0,72.01,-194.24,autopilot,False,True,False
1095,25.28362011909485,0.0,72.01,-194.24,autopilot,False,True,False
1096,25.306530475616455,0.0,72.01,-194.24,autopilot,False,True,False
1097,25.327155113220215,0.0,72.01,-194.24,autopilot,False,True,False
1098,25.349821090698242,0.0,72.01,-194.24,autopilot,False,True,False
1099,25.37284755706787,0.0,72.01,-194.24,autopilot,False,True,False
1100,25.395768404006958,0.0,72.01,-194.24,autopilot,False,True,False
1101,25.41891622543335,0.0,72.01,-194.24,autopilot,False,True,False
1102,25.439523220062256,0.0,72.01,-194.24,autopilot,False,True,False
1103,25.462170600891113,0.0,72.01,-194.24,autopilot,False,True,False
1104,25.482515573501587,0.0,72.01,-194.24,autopilot,False,True,False
1105,25.505333423614502,0.0,72.01,-194.24,autopilot,False,True,False
1106,25.525965452194214,0.0,72.01,-194.24,autopilot,False,True,False
1107,25.54879093170166,0.0,72.01,-194.24,autopilot,False,True,False
1108,25.569299936294556,0.0,72.01,-194.24,autopilot,False,True,False
1109,25.591843128204346,0.0,72.01,-194.24,autopilot,False,True,False
1110,25.612444162368774,0.0,72.01,-194.24,autopilot,False,True,False
1111,25.63466739654541,0.0,72.01,-194.24,autopilot,False,True,False
1112,25.6567063331604,0.0,72.01,-194.24,autopilot,False,True,False
1113,25.67889714241028,0.0,72.01,-194.24,autopilot,False,True,False
1114,25.700803518295288,0.0,72.01,-194.24,autopilot,False,True,False
1115,25.723236799240112,0.0,72.01,-194.24,autopilot,False,True,False
1116,25.74595880508423,0.0,72.01,-194.24,autopilot,False,True,False
1117,25.766321659088135,0.0,72.01,-194.24,autopilot,False,True,False
1118,25.788652420043945,0.0,72.01,-194.24,autopilot,False,True,False
1119,25.811141967773438,0.0,72.01,-194.24,autopilot,False,True,False
1120,25.833361387252808,0.0,72.01,-194.24,autopilot,False,True,False
1121,25.85499119758606,0.0,72.01,-194.24,autopilot,False,True,False
1122,25.87588357925415,0.0,72.01,-194.24,autopilot,False,True,False
1123,25.8974449634552,0.0,72.01,-194.24,autopilot,False,True,False
1124,25.919788122177124,0.0,72.01,-194.24,autopilot,False,True,False
1125,25.942206859588623,0.0,72.01,-194.24,autopilot,False,True,False
1126,25.963686227798462,0.0,72.01,-194.24,autopilot,False,True,False
1127,25.98512601852417,0.0,72.01,-194.24,autopilot,False,True,False
1128,26.007590293884277,0.0,72.01,-194.24,autopilot,False,True,False
1129,26.028931617736816,0.0,72.01,-194.24,autopilot,False,True,False
1130,26.050665616989136,0.0,72.01,-194.24,autopilot,False,True,False
1131,26.07273530960083,0.0,72.01,-194.24,autopilot,False,True,False
1132,26.095779418945312,0.0,72.01,-194.24,autopilot,False,True,False
1133,26.118676900863647,0.0,72.01,-194.24,autopilot,False,True,False
1134,26.14135241508484,0.0,72.01,-194.24,autopilot,False,True,False
1135,26.163092136383057,0.0,72.01,-194.24,autopilot,False,True,False
1136,26.186431646347046,0.0,72.01,-194.24,autopilot,False,True,False
1137,26.209009885787964,0.0,72.01,-194.24,autopilot,False,True,False
1138,26.231207609176636,0.0,72.01,-194.24,autopilot,False,True,False
1139,26.253477811813354,0.0,72.01,-194.24,autopilot,False,True,False
1140,26.275526523590088,0.0,72.01,-194.24,autopilot,False,True,False
1141,26.296348810195923,0.0,72.01,-194.24,autopilot,False,True,False
1142,26.31679654121399,0.0,72.01,-194.24,autopilot,False,True,False
1143,26.337344884872437,0.0,72.01,-194.24,autopilot,False,True,False
1144,26.359108448028564,0.0,72.01,-194.24,autopilot,False,True,False
1145,26.381603956222534,0.0,72.01,-194.24,autopilot,False,True,False
1146,26.40420699119568,0.0,72.01,-194.24,autopilot,False,True,False
1147,26.42460870742798,0.0,72.01,-194.24,autopilot,False,True,False
1148,26.4474995136261,0.0,72.01,-194.24,autopilot,False,True,False
1149,26.46840524673462,0.0,72.01,-194.24,autopilot,False,True,False
1150,26.488894939422607,0.0,72.01,-194.24,autopilot,False,True,False
1151,26.511895895004272,0.0,72.01,-194.24,autopilot,False,True,False
1152,26.5346896648407,0.0,72.01,-194.24,autopilot,False,True,False
1153,26.557507753372192,0.0,72.01,-194.24,autopilot,False,True,False
1154,26.58002519607544,0.0,72.01,-194.24,autopilot,False,True,False
1155,26.6019446849823,0.0,72.01,-194.24,autopilot,False,True,False
1156,26.622732162475586,0.0,72.01,-194.24,autopilot,False,True,False
1157,26.643264770507812,0.0,72.01,-194.24,autopilot,False,True,False
1158,26.664994955062866,0.0,72.01,-194.24,autopilot,False,True,False
1159,26.687511444091797,0.0,72.01,-194.24,autopilot,False,True,False
1160,26.710238456726074,0.0,72.01,-194.24,autopilot,False,True,False
1161,26.73408079147339,0.0,72.01,-194.24,autopilot,False,True,False
1162,26.755199909210205,0.0,72.01,-194.24,autopilot,False,True,False
1163,26.775656938552856,0.0,72.01,-194.24,autopilot,False,True,False
1164,26.79806900024414,0.0,72.01,-194.24,autopilot,False,True,False
1165,26.820783615112305,0.0,72.01,-194.24,autopilot,False,True,False
1166,26.843958616256714,0.0,72.01,-194.24,autopilot,False,True,False
1167,26.865773916244507,0.0,72.01,-194.24,autopilot,False,True,False
1168,26.887179374694824,0.0,72.01,-194.24,autopilot,False,True,False
1169,26.90786361694336,0.0,72.01,-194.24,autopilot,False,True,False
1170,26.928950786590576,0.0,72.01,-194.24,autopilot,False,True,False
1171,26.95164966583252,0.0,72.01,-194.24,autopilot,False,True,False
1172,26.97462773323059,0.0,72.01,-194.24,autopilot,False,True,False
1173,26.996387243270874,0.0,72.01,-194.24,autopilot,False,True,False
1174,27.017755270004272,0.0,72.01,-194.24,autopilot,False,True,False
1175,27.038997173309326,0.0,72.01,-194.24,autopilot,False,True,False
1176,27.061097383499146,0.0,72.01,-194.24,autopilot,False,True,False
1177,27.083709955215454,0.0,72.01,-194.24,autopilot,False,True,False
1178,27.10426425933838,0.0,72.01,-194.24,autopilot,False,True,False
1179,27.1274151802063,0.0,72.01,-194.24,autopilot,False,True,False
1180,27.14952325820923,0.0,72.01,-194.24,autopilot,False,True,False
1181,27.170530080795288,0.0,72.01,-194.24,autopilot,False,True,False
1182,27.193073987960815,0.0,72.01,-194.24,autopilot,False,True,False
1183,27.21593165397644,0.0,72.01,-194.24,autopilot,False,True,False
1184,27.238640069961548,0.0,72.01,-194.24,autopilot,False,True,False
1185,27.26080846786499,0.0,72.01,-194.24,autopilot,False,True,False
1186,27.283228635787964,0.0,72.01,-194.24,autopilot,False,True,False
1187,27.305693864822388,0.0,72.01,-194.24,autopilot,False,True,False
1188,27.328615427017212,0.0,72.01,-194.24,autopilot,False,True,False
1189,27.35153818130493,0.0,72.01,-194.24,autopilot,False,True,False
1190,27.373629331588745,0.0,72.01,-194.24,autopilot,False,True,False
1191,27.395737409591675,0.0,72.01,-194.24,autopilot,False,True,False
1192,27.418235301971436,0.0,72.01,-194.24,autopilot,False,True,False
1193,27.440451860427856,0.0,72.01,-194.24,autopilot,False,True,False
1194,27.46331477165222,0.0,72.01,-194.24,autopilot,False,True,False
1195,27.48617959022522,0.0,72.01,-194.24,autopilot,False,True,False
1196,27.509124040603638,0.0,72.01,-194.24,autopilot,False,True,False
1197,27.532180070877075,0.0,72.01,-194.24,autopilot,False,True,False
1198,27.55497717857361,0.0,72.01,-194.24,autopilot,False,True,False
1199,27.577471256256104,0.0,72.01,-194.24,autopilot,False,True,False
1200,27.599947214126587,0.0,72.01,-194.24,autopilot,False,True,False
1201,27.62020969390869,0.0,72.01,-194.24,autopilot,False,True,False
1202,27.640648365020752,0.0,72.01,-194.24,autopilot,False,True,False
1203,27.663742542266846,0.0,72.01,-194.24,autopilot,False,True,False
1204,27.684159994125366,0.0,72.01,-194.24,autopilot,False,True,False
1205,27.70710825920105,0.0,72.01,-194.24,autopilot,False,True,False
1206,27.72982382774353,0.0,72.01,-194.24,autopilot,False,True,False
1207,27.75276517868042,0.0,72.01,-194.24,autopilot,False,True,False
1208,27.775012731552124,0.0,72.01,-194.24,autopilot,False,True,False
1209,27.795584440231323,0.0,72.01,-194.24,autopilot,False,True,False
1210,27.817061185836792,0.0,72.01,-194.24,autopilot,False,True,False
1211,27.83809518814087,0.0,72.01,-194.24,autopilot,False,True,False
1212,27.859496116638184,0.0,72.01,-194.24,autopilot,False,True,False
1213,27.87998342514038,0.0,72.01,-194.24,autopilot,False,True,False
1214,27.901201486587524,0.0,72.01,-194.24,autopilot,False,True,False
1215,27.923397064208984,0.0,72.01,-194.24,autopilot,False,True,False
1216,27.946149349212646,0.0,72.01,-194.24,autopilot,False,True,False
1217,27.968355655670166,0.0,72.01,-194.24,autopilot,False,True,False
1218,27.98982310295105,0.0,72.01,-194.24,autopilot,False,True,False
1219,28.010472536087036,0.0,72.01,-194.24,autopilot,False,True,False
1220,28.031789779663086,0.0,72.01,-194.24,autopilot,False,True,False
1221,28.059025287628174,0.0,72.01,-194.24,autopilot,False,True,False
1222,28.082019567489624,0.0,72.01,-194.24,autopilot,False,True,False
1223,28.102461576461792,0.0,72.01,-194.24,autopilot,False,True,False
1224,28.12509512901306,0.0,72.01,-194.24,autopilot,False,True,False
1225,28.14539098739624,0.0,72.01,-194.24,autopilot,False,True,False
1226,28.168790817260742,0.0,72.01,-194.24,autopilot,False,True,False
1227,28.190415620803833,0.0,72.01,-194.24,autopilot,False,True,False
1228,28.2126784324646,0.0,72.01,-194.24,autopilot,False,True,False
1229,28.23604989051819,0.0,72.01,-194.24,autopilot,False,True,False
1230,28.259784698486328,0.0,72.01,-194.24,autopilot,False,True,False
1231,28.280772924423218,0.0,72.01,-194.24,autopilot,False,True,False
1232,28.30138087272644,0.0,72.01,-194.24,autopilot,False,True,False
1233,28.32188129425049,0.0,72.01,-194.24,autopilot,False,True,False
1234,28.34285283088684,0.0,72.01,-194.24,autopilot,False,True,False
1235,28.364309072494507,0.0,72.01,-194.24,autopilot,False,True,False
1236,28.385141611099243,0.0,72.01,-194.24,autopilot,False,True,False
1237,28.40595507621765,0.0,72.01,-194.24,autopilot,False,True,False
1238,28.42688536643982,0.0,72.01,-194.24,autopilot,False,True,False
1239,28.4494411945343,0.0,72.01,-194.24,autopilot,False,True,False
1240,28.470481395721436,0.0,72.01,-194.24,autopilot,False,True,False
1241,28.493374586105347,0.0,72.01,-194.24,autopilot,False,True,False
1242,28.516002655029297,0.0,72.01,-194.24,autopilot,False,True,False
1243,28.538187503814697,0.0,72.01,-194.24,autopilot,False,True,False
1244,28.560813665390015,0.0,72.01,-194.24,autopilot,False,True,False
1245,28.58379817008972,0.0,72.01,-194.24,autopilot,False,True,False
1246,28.606561183929443,0.0,72.01,-194.24,autopilot,False,True,False
1247,28.629178524017334,0.0,72.01,-194.24,autopilot,False,True,False
1248,28.651628494262695,0.0,72.01,-194.24,autopilot,False,True,False
1249,28.674266815185547,0.0,72.01,-194.24,autopilot,False,True,False
1250,28.69774079322815,0.0,72.01,-194.24,autopilot,False,True,False
1251,28.718419790267944,0.0,72.01,-194.24,autopilot,False,True,False
1252,28.739055395126343,0.0,72.01,-194.24,autopilot,False,True,False
1253,28.761668920516968,0.0,72.01,-194.24,autopilot,False,True,False
1254,28.78349471092224,0.0,72.01,-194.24,autopilot,False,True,False
1255,28.80510377883911,0.0,72.01,-194.24,autopilot,False,True,False
1256,28.827267169952393,0.0,72.01,-194.24,autopilot,False,True,False
1257,28.849699020385742,0.0,72.01,-194.24,autopilot,False,True,False
1258,28.872669219970703,0.0,72.01,-194.24,autopilot,False,True,False
1259,28.89510178565979,0.0,72.01,-194.24,autopilot,False,True,False
1260,28.91695547103882,0.0,72.01,-194.24,autopilot,False,True,False
1261,28.938166618347168,0.0,72.01,-194.24,autopilot,False,True,False
1262,28.960886001586914,0.0,72.01,-194.24,autopilot,False,True,False
1263,28.983182907104492,0.0,72.01,-194.24,autopilot,False,True,False
1264,29.005868673324585,0.0,72.01,-194.24,autopilot,False,True,False
1265,29.028424739837646,0.0,72.01,-194.24,autopilot,False,True,False
1266,29.05028533935547,0.0,72.01,-194.24,autopilot,False,True,False
1267,29.07323932647705,0.0,72.01,-194.24,autopilot,False,True,False
1268,29.095337867736816,0.0,72.01,-194.24,autopilot,False,True,False
1269,29.115867137908936,0.0,72.01,-194.24,autopilot,False,True,False
1270,29.13652729988098,0.0,72.01,-194.24,autopilot,False,True,False
1271,29.1571843624115,0.0,72.01,-194.24,autopilot,False,True,False
1272,29.179500102996826,0.0,72.01,-194.24,autopilot,False,True,False
1273,29.20060658454895,0.0,72.01,-194.24,autopilot,False,True,False
1274,29.221264362335205,0.0,72.01,-194.24,autopilot,False,True,False
1275,29.24198579788208,0.0,72.01,-194.24,autopilot,False,True,False
1276,29.264775276184082,0.0,72.01,-194.24,autopilot,False,True,False
1277,29.287693977355957,0.0,72.01,-194.24,autopilot,False,True,False
1278,29.310444831848145,0.0,72.01,-194.24,autopilot,False,True,False
1279,29.332313299179077,0.0,72.01,-194.24,autopilot,False,True,False
1280,29.354806661605835,0.0,72.01,-194.24,autopilot,False,True,False
1281,29.377847909927368,0.0,72.01,-194.24,autopilot,False,True,False
1282,29.400203466415405,0.0,72.01,-194.24,autopilot,False,True,False
1283,29.422987937927246,0.0,72.01,-194.24,autopilot,False,True,False
1284,29.445894241333008,0.0,72.01,-194.24,autopilot,False,True,False
1285,29.4687283039093,0.0,72.01,-194.24,autopilot,False,True,False
1286,29.4895761013031,0.0,72.01,-194.24,autopilot,False,True,False
1287,29.51061248779297,0.0,72.01,-194.24,autopilot,False,True,False
1288,29.531692266464233,0.0,72.01,-194.24,autopilot,False,True,False
1289,29.554608583450317,0.0,72.01,-194.24,autopilot,False,True,False
1290,29.576948165893555,0.0,72.01,-194.24,autopilot,False,True,False
1291,29.599575757980347,0.0,72.01,-194.24,autopilot,False,True,False
1292,29.622161626815796,0.0,72.01,-194.24,autopilot,False,True,False
1293,29.64305853843689,0.0,72.01,-194.24,autopilot,False,True,False
1294,29.663804054260254,0.0,72.01,-194.24,autopilot,False,True,False
1295,29.684935569763184,0.0,72.01,-194.24,autopilot,False,True,False
1296,29.705382823944092,0.0,72.01,-194.24,autopilot,False,True,False
1297,29.728243589401245,0.0,72.01,-194.24,autopilot,False,True,False
1298,29.751163959503174,0.0,72.01,-194.24,autopilot,False,True,False
1299,29.772671461105347,0.0,72.01,-194.24,autopilot,False,True,False
1300,29.793877840042114,0.0,72.01,-194.24,manual,False,True,True
1301,29.816279649734497,0.0,72.01,-194.24,pure_pursuit,False,True,True
1302,29.837324619293213,0.0,72.01,-194.24,pure_pursuit,False,True,True
1303,29.858296394348145,0.0,72.01,-194.24,pure_pursuit,False,True,True
1304,29.881654262542725,0.0,72.01,-194.24,pure_pursuit,False,True,True
1305,29.904227256774902,0.0,72.01,-194.24,pure_pursuit,False,True,True
1306,29.92757821083069,0.02,72.01,-194.24,pure_pursuit,False,True,True
1307,29.94997763633728,0.04,72.01,-194.24,pure_pursuit,False,True,True
1308,29.97173285484314,0.07,72.01,-194.24,pure_pursuit,False,True,True
1309,29.993497371673584,0.09,72.01,-194.24,pure_pursuit,False,True,True
1310,30.01479983329773,0.13,72.01,-194.24,pure_pursuit,False,True,True
1311,30.036561012268066,0.16,72.02,-194.24,pure_pursuit,False,True,True
1312,30.05790424346924,0.18,72.02,-194.24,pure_pursuit,False,True,True
1313,30.080503225326538,0.21,72.02,-194.24,pure_pursuit,False,True,True
1314,30.103658199310303,0.24,72.03,-194.24,pure_pursuit,False,True,True
1315,30.126349449157715,0.27,72.04,-194.24,pure_pursuit,False,True,True
1316,30.14983606338501,0.31,72.04,-194.24,pure_pursuit,False,True,True
1317,30.170764446258545,0.33,72.05,-194.24,pure_pursuit,False,True,True
1318,30.193007230758667,0.36,72.06,-194.24,pure_pursuit,False,True,True
1319,30.2158145904541,0.38,72.06,-194.23,pure_pursuit,False,True,True
1320,30.23890447616577,0.41,72.07,-194.23,pure_pursuit,False,True,True
1321,30.26166844367981,0.43,72.08,-194.23,pure_pursuit,False,True,True
1322,30.284019708633423,0.45,72.09,-194.23,pure_pursuit,False,True,True
1323,30.30596399307251,0.47,72.1,-194.22,pure_pursuit,False,True,True
1324,30.32835340499878,0.5,72.11,-194.22,pure_pursuit,False,True,True
1325,30.35128688812256,0.52,72.12,-194.22,pure_pursuit,False,True,True
1326,30.373672008514404,0.55,72.13,-194.21,pure_pursuit,False,True,True
1327,30.395249843597412,0.57,72.14,-194.21,pure_pursuit,False,True,True
1328,30.418545246124268,0.59,72.15,-194.2,pure_pursuit,False,True,True
1329,30.441729307174683,0.62,72.16,-194.2,pure_pursuit,False,True,True
1330,30.464446783065796,0.64,72.17,-194.19,pure_pursuit,False,True,True
1331,30.484920740127563,0.66,72.18,-194.19,pure_pursuit,False,True,True
1332,30.508185148239136,0.68,72.2,-194.18,pure_pursuit,False,True,True
1333,30.52870535850525,0.7,72.21,-194.17,pure_pursuit,False,True,True
1334,30.549712657928467,0.72,72.22,-194.17,pure_pursuit,False,True,True
1335,30.573692798614502,0.75,72.24,-194.16,pure_pursuit,False,True,True
1336,30.596917390823364,0.77,72.25,-194.15,pure_pursuit,False,True,True
1337,30.618240356445312,0.79,72.26,-194.15,pure_pursuit,False,True,True
1338,30.638769388198853,0.81,72.28,-194.14,pure_pursuit,False,True,True
1339,30.660260438919067,0.83,72.29,-194.13,pure_pursuit,False,True,True
1340,30.683849334716797,0.86,72.31,-194.12,pure_pursuit,False,True,True
1341,30.704782724380493,0.88,72.32,-194.12,pure_pursuit,False,True,True
1342,30.72559356689453,0.89,72.34,-194.11,pure_pursuit,False,True,True
1343,30.748295783996582,0.92,72.35,-194.1,pure_pursuit,False,True,True
1344,30.768944025039673,0.94,72.37,-194.09,pure_pursuit,False,True,True
1345,30.79164171218872,0.96,72.39,-194.08,pure_pursuit,False,True,True
1346,30.81265664100647,0.98,72.4,-194.07,pure_pursuit,False,True,True
1347,30.83371925354004,1.0,72.42,-194.06,pure_pursuit,False,True,True
1348,30.85604953765869,1.02,72.44,-194.05,pure_pursuit,False,True,True
1349,30.87819814682007,1.04,72.45,-194.04,pure_pursuit,False,True,True
1350,30.90071702003479,1.06,72.47,-194.03,pure_pursuit,False,True,True
1351,30.921753406524658,1.08,72.49,-194.02,pure_pursuit,False,True,True
1352,30.94367814064026,1.1,72.51,-194.0,pure_pursuit,False,True,True
1353,30.96526575088501,1.12,72.53,-193.99,pure_pursuit,False,True,True
1354,30.986766576766968,1.14,72.55,-193.98,pure_pursuit,False,True,True
1355,31.008662700653076,1.16,72.56,-193.97,pure_pursuit,False,True,True
1356,31.030065298080444,1.17,72.58,-193.95,pure_pursuit,False,True,True
1357,31.058300018310547,1.19,72.6,-193.94,pure_pursuit,False,True,True
1358,31.08070421218872,1.22,72.63,-193.92,pure_pursuit,False,True,True
1359,31.101866483688354,1.25,72.65,-193.91,autopilot,False,True,False
1360,31.123228311538696,1.29,72.67,-193.89,autopilot,False,True,False
1361,31.144124031066895,1.32,72.69,-193.88,autopilot,False,True,False
1362,31.16878342628479,1.36,72.71,-193.87,autopilot,False,True,False
1363,31.192028045654297,1.41,72.74,-193.85,autopilot,False,True,False
1364,31.21289825439453,1.44,72.77,-193.83,autopilot,False,True,False
1365,31.234359741210938,1.48,72.79,-193.82,autopilot,False,True,False
1366,31.2564377784729,1.53,72.82,-193.8,autopilot,False,True,False
1367,31.278102159500122,1.57,72.85,-193.79,autopilot,False,True,False
1368,31.29996132850647,1.62,72.88,-193.77,autopilot,False,True,False
1369,31.32238793373108,1.66,72.91,-193.75,autopilot,False,True,False
1370,31.34494423866272,1.71,72.94,-193.73,autopilot,False,True,False
1371,31.367287635803223,1.76,72.97,-193.71,autopilot,False,True,False
1372,31.390718698501587,1.81,73.0,-193.69,autopilot,False,True,False
1373,31.411991834640503,1.86,73.03,-193.67,autopilot,False,True,False
1374,31.436317443847656,1.91,73.07,-193.64,autopilot,False,True,False
1375,31.456833124160767,1.97,73.1,-193.62,autopilot,False,True,False
1376,31.480637073516846,2.04,73.14,-193.59,autopilot,False,True,False
1377,31.501204252243042,2.1,73.17,-193.57,autopilot,False,True,False
1378,31.52171039581299,2.15,73.21,-193.55,autopilot,False,True,False
1379,31.542258501052856,2.21,73.24,-193.52,autopilot,False,True,False
1380,31.56322455406189,2.27,73.28,-193.5,autopilot,False,True,False
1381,31.584442853927612,2.33,73.33,-193.48,autopilot,False,True,False
1382,31.6064612865448,2.39,73.37,-193.45,autopilot,False,True,False
1383,31.629082202911377,2.45,73.42,-193.43,autopilot,False,True,False
1384,31.650848627090454,2.51,73.47,-193.4,autopilot,False,True,False
1385,31.673277378082275,2.57,73.52,-193.37,autopilot,False,True,False
1386,31.69501042366028,2.62,73.56,-193.35,autopilot,False,True,False
1387,31.71672511100769,2.68,73.62,-193.32,autopilot,False,True,False
1388,31.73879647254944,2.73,73.67,-193.3,autopilot,False,True,False
1389,31.76053524017334,2.79,73.72,-193.27,autopilot,False,True,False
1390,31.782665252685547,2.85,73.78,-193.24,autopilot,False,True,False
1391,31.80486512184143,2.9,73.84,-193.22,autopilot,False,True,False
1392,31.82771325111389,2.96,73.9,-193.19,autopilot,False,True,False
1393,31.850350856781006,3.01,73.96,-193.16,autopilot,False,True,False
1394,31.874565362930298,3.07,74.03,-193.14,autopilot,False,True,False
1395,31.898417949676514,3.13,74.1,-193.11,autopilot,False,True,False
1396,31.92158555984497,3.18,74.16,-193.08,autopilot,False,True,False
1397,31.94448685646057,3.24,74.23,-193.05,autopilot,False,True,False
1398,31.96689224243164,3.29,74.3,-193.02,autopilot,False,True,False
1399,31.990371227264404,3.35,74.37,-192.98,autopilot,False,True,False
1400,32.01374387741089,3.4,74.44,-192.95,autopilot,False,True,False
1401,32.035844564437866,3.45,74.51,-192.92,autopilot,False,True,False
1402,32.06088066101074,3.5,74.57,-192.89,autopilot,False,True,False
1403,32.08137512207031,3.56,74.65,-192.86,autopilot,False,True,False
1404,32.106196641922,3.62,74.74,-192.82,autopilot,False,True,False
1405,32.12986207008362,3.67,74.82,-192.79,autopilot,False,True,False
1406,32.15310454368591,3.73,74.9,-192.76,autopilot,False,True,False
1407,32.1774377822876,3.78,74.98,-192.72,autopilot,False,True,False
1408,32.19828748703003,3.83,75.05,-192.69,autopilot,False,True,False
1409,32.22316884994507,3.88,75.14,-192.66,autopilot,False,True,False
1410,32.246840715408325,3.94,75.23,-192.63,autopilot,False,True,False
1411,32.269869565963745,3.99,75.32,-192.6,autopilot,False,True,False
1412,32.29361867904663,4.04,75.41,-192.57,autopilot,False,True,False
1413,32.31604599952698,4.09,75.5,-192.54,autopilot,False,True,False
1414,32.338972091674805,4.14,75.59,-192.51,autopilot,False,True,False
1415,32.36134958267212,4.18,75.68,-192.48,autopilot,False,True,False
1416,32.384522676467896,4.23,75.77,-192.45,autopilot,False,True,False
1417,32.40856599807739,4.27,75.86,-192.42,autopilot,False,True,False
1418,32.43283176422119,4.32,75.97,-192.4,autopilot,False,True,False
1419,32.45650887489319,4.36,76.07,-192.37,autopilot,False,True,False
1420,32.47952127456665,4.4,76.16,-192.34,autopilot,False,True,False
1421,32.50172162055969,4.44,76.26,-192.32,autopilot,False,True,False
1422,32.52452492713928,4.47,76.36,-192.29,autopilot,False,True,False
1423,32.546319246292114,4.51,76.45,-192.27,autopilot,False,True,False
1424,32.569228410720825,4.54,76.55,-192.25,autopilot,False,True,False
1425,32.59132981300354,4.57,76.65,-192.22,autopilot,False,True,False
1426,32.61262130737305,4.59,76.75,-192.2,autopilot,False,True,False
1427,32.63360023498535,4.61,76.84,-192.18,autopilot,False,True,False
1428,32.65445280075073,4.64,76.93,-192.16,autopilot,False,True,False
1429,32.675546646118164,4.66,77.03,-192.14,autopilot,False,True,False
1430,32.69590377807617,4.68,77.12,-192.12,autopilot,False,True,False
1431,32.71672344207764,4.7,77.22,-192.1,autopilot,False,True,False
1432,32.7378408908844,4.71,77.32,-192.08,autopilot,False,True,False
1433,32.75904607772827,4.73,77.41,-192.06,autopilot,False,True,False
1434,32.78297829627991,4.74,77.53,-192.04,autopilot,False,True,False
1435,32.8035192489624,4.76,77.62,-192.02,autopilot,False,True,False
1436,32.82718276977539,4.77,77.73,-192.0,autopilot,False,True,False
1437,32.847575187683105,4.78,77.83,-191.99,autopilot,False,True,False
1438,32.869306564331055,4.79,77.93,-191.97,autopilot,False,True,False
1439,32.893155097961426,4.8,78.04,-191.95,autopilot,False,True,False
1440,32.91384291648865,4.81,78.14,-191.93,autopilot,False,True,False
1441,32.9347288608551,4.82,78.24,-191.92,autopilot,False,True,False
1442,32.95606088638306,4.82,78.34,-191.9,autopilot,False,True,False
1443,32.97643828392029,4.83,78.44,-191.89,autopilot,False,True,False
1444,32.998738050460815,4.84,78.55,-191.87,autopilot,False,True,False
1445,33.02014183998108,4.84,78.65,-191.85,autopilot,False,True,False
1446,33.04239845275879,4.85,78.75,-191.84,autopilot,False,True,False
1447,33.06660723686218,4.85,78.87,-191.82,autopilot,False,True,False
1448,33.08812928199768,4.85,78.97,-191.81,autopilot,False,True,False
1449,33.111809492111206,4.86,79.09,-191.79,autopilot,False,True,False
1450,33.13302779197693,4.86,79.19,-191.78,autopilot,False,True,False
1451,33.1571581363678,4.86,79.31,-191.77,autopilot,False,True,False
1452,33.180070877075195,4.87,79.42,-191.75,autopilot,False,True,False
1453,33.201308488845825,4.87,79.52,-191.74,autopilot,False,True,False
1454,33.222983598709106,4.87,79.62,-191.73,autopilot,False,True,False
1455,33.24630951881409,4.87,79.74,-191.71,autopilot,False,True,False
1456,33.268693923950195,4.87,79.85,-191.7,autopilot,False,True,False
1457,33.290727853775024,4.87,79.95,-191.69,autopilot,False,True,False
1458,33.31185555458069,4.87,80.06,-191.68,autopilot,False,True,False
1459,33.33357906341553,4.88,80.16,-191.67,autopilot,False,True,False
1460,33.35455060005188,4.88,80.26,-191.66,autopilot,False,True,False
1461,33.37564039230347,4.88,80.37,-191.65,autopilot,False,True,False
1462,33.39675259590149,4.88,80.47,-191.64,autopilot,False,True,False
1463,33.41753315925598,4.88,80.57,-191.63,autopilot,False,True,False
1464,33.43816137313843,4.88,80.67,-191.62,autopilot,False,True,False
1465,33.4589638710022,4.88,80.77,-191.61,autopilot,False,True,False
1466,33.47989583015442,4.88,80.87,-191.6,autopilot,False,True,False
1467,33.50362944602966,4.88,80.99,-191.59,autopilot,False,True,False
1468,33.524298429489136,4.88,81.09,-191.58,autopilot,False,True,False
1469,33.54709315299988,4.88,81.2,-191.57,autopilot,False,True,False
1470,33.570210456848145,4.88,81.31,-191.56,autopilot,False,True,False
1471,33.59327411651611,4.88,81.42,-191.56,autopilot,False,True,False
1472,33.61638164520264,4.88,81.54,-191.55,autopilot,False,True,False
1473,33.63844656944275,4.88,81.64,-191.54,autopilot,False,True,False
1474,33.65974736213684,4.88,81.75,-191.53,autopilot,False,True,False
1475,33.682438373565674,4.88,81.86,-191.52,autopilot,False,True,False
1476,33.70339798927307,4.88,81.96,-191.52,autopilot,False,True,False
1477,33.72396373748779,4.88,82.06,-191.51,autopilot,False,True,False
1478,33.74758005142212,4.88,82.17,-191.5,autopilot,False,True,False
1479,33.770912885665894,4.88,82.29,-191.5,autopilot,False,True,False
1480,33.791558027267456,4.88,82.39,-191.49,autopilot,False,True,False
1481,33.81441783905029,4.88,82.5,-191.48,autopilot,False,True,False
1482,33.83721351623535,4.88,82.61,-191.48,autopilot,False,True,False
1483,33.85931873321533,4.88,82.72,-191.47,autopilot,False,True,False
1484,33.87979745864868,4.88,82.82,-191.46,autopilot,False,True,False
1485,33.90307974815369,4.87,82.93,-191.46,autopilot,False,True,False
1486,33.92637658119202,4.87,83.05,-191.45,autopilot,False,True,False
1487,33.94899797439575,4.87,83.16,-191.45,autopilot,False,True,False
1488,33.97151494026184,4.87,83.27,-191.44,autopilot,False,True,False
1489,33.9940721988678,4.87,83.38,-191.44,autopilot,False,True,False
1490,34.01631283760071,4.87,83.49,-191.43,autopilot,False,True,False
1491,34.03827714920044,4.87,83.59,-191.43,autopilot,False,True,False
1492,34.05889701843262,4.87,83.66,-191.42,autopilot,False,True,False
1493,34.080814361572266,4.87,83.8,-191.42,autopilot,False,True,False
1494,34.102383852005005,4.87,83.9,-191.41,autopilot,False,True,False
1495,34.12508726119995,4.87,84.01,-191.41,autopilot,False,True,False
1496,34.147308349609375,4.87,84.12,-191.4,autopilot,False,True,False
1497,34.1715042591095,4.87,84.22,-191.4,autopilot,False,True,False
1498,34.193495988845825,4.87,84.35,-191.39,autopilot,False,True,False
1499,34.21609306335449,4.87,84.46,-191.39,autopilot,False,True,False
1500,34.23812389373779,4.87,84.57,-191.39,autopilot,False,True,False
1501,34.25996160507202,4.87,84.67,-191.38,autopilot,False,True,False
1502,34.281450510025024,4.87,84.78,-191.38,autopilot,False,True,False
1503,34.30346941947937,4.87,84.88,-191.37,autopilot,False,True,False
1504,34.324973344802856,4.87,84.99,-191.37,autopilot,False,True,False
1505,34.347222328186035,4.87,85.09,-191.37,autopilot,False,True,False
1506,34.36803436279297,4.87,85.2,-191.36,autopilot,False,True,False
1507,34.38923406600952,4.87,85.3,-191.36,autopilot,False,True,False
1508,34.41021275520325,4.87,85.4,-191.36,autopilot,False,True,False
1509,34.431230306625366,4.87,85.51,-191.36,autopilot,False,True,False
1510,34.452869176864624,4.87,85.61,-191.35,autopilot,False,True,False
1511,34.475258350372314,4.87,85.72,-191.35,autopilot,False,True,False
1512,34.496970415115356,4.87,85.83,-191.35,autopilot,False,True,False
1513,34.51893663406372,4.87,85.93,-191.34,autopilot,False,True,False
1514,34.539968967437744,4.88,86.03,-191.34,autopilot,False,True,False
1515,34.56135845184326,4.88,86.14,-191.34,autopilot,False,True,False
1516,34.581990480422974,4.88,86.24,-191.34,autopilot,False,True,False
1517,34.60271668434143,4.88,86.34,-191.33,autopilot,False,True,False
1518,34.62341833114624,4.88,86.44,-191.33,autopilot,False,True,False
1519,34.64407682418823,4.88,86.54,-191.33,autopilot,False,True,False
1520,34.66477727890015,4.88,86.64,-191.33,autopilot,False,True,False
1521,34.68630647659302,4.88,86.75,-191.32,autopilot,False,True,False
1522,34.70690894126892,4.88,86.85,-191.32,autopilot,False,True,False
1523,34.72779178619385,4.88,86.95,-191.32,autopilot,False,True,False
1524,34.74879837036133,4.87,87.05,-191.32,autopilot,False,True,False
1525,34.770729064941406,4.87,87.16,-191.32,autopilot,False,True,False
1526,34.79150867462158,4.87,87.26,-191.31,autopilot,False,True,False
1527,34.81378793716431,4.87,87.37,-191.31,autopilot,False,True,False
1528,34.836119651794434,4.87,87.48,-191.31,autopilot,False,True,False
1529,34.8588969707489,4.87,87.59,-191.31,autopilot,False,True,False
1530,34.879992723464966,4.87,87.69,-191.31,autopilot,False,True,False
1531,34.90191912651062,4.87,87.8,-191.31,autopilot,False,True,False
1532,34.922508001327515,4.87,87.9,-191.3,autopilot,False,True,False
1533,34.94572448730469,4.87,88.01,-191.3,autopilot,False,True,False
1534,34.967771768569946,4.87,88.12,-191.3,autopilot,False,True,False
1535,34.98844933509827,4.87,88.22,-191.3,autopilot,False,True,False
