tick,timestamp,speed_ms,location_x,location_y,control_mode,collision,lane_invasion,is_avoiding
1,0.0012362003326416016,3.22,87.53,7.83,autopilot,False,False,False
2,0.024316072463989258,3.29,87.62,7.83,autopilot,False,False,False
3,0.04821300506591797,3.35,87.7,7.83,autopilot,False,False,False
4,0.0697476863861084,3.4,87.78,7.83,autopilot,False,False,False
5,0.09181809425354004,3.45,87.84,7.83,autopilot,False,False,False
6,0.11343002319335938,3.5,87.93,7.83,autopilot,False,False,False
7,0.13771581649780273,3.56,88.01,7.84,autopilot,False,False,False
8,0.16156458854675293,3.62,88.1,7.84,autopilot,False,False,False
9,0.18574738502502441,3.68,88.19,7.84,autopilot,False,False,False
10,0.20885658264160156,3.73,88.27,7.84,autopilot,False,False,False
11,0.23229670524597168,3.78,88.36,7.84,autopilot,False,False,False
12,0.2557187080383301,3.84,88.45,7.84,autopilot,False,False,False
13,0.27865147590637207,3.89,88.54,7.84,autopilot,False,False,False
14,0.30162787437438965,3.94,88.63,7.84,autopilot,False,False,False
15,0.3249688148498535,4.0,88.72,7.85,autopilot,False,False,False
16,0.3478238582611084,4.05,88.82,7.85,autopilot,False,False,False
17,0.37079882621765137,4.1,88.91,7.85,autopilot,False,False,False
18,0.39359450340270996,4.15,89.0,7.85,autopilot,False,False,False
19,0.41684460639953613,4.2,89.1,7.85,autopilot,False,False,False
20,0.44118213653564453,4.25,89.2,7.85,autopilot,False,False,False
21,0.46442437171936035,4.3,89.3,7.85,autopilot,False,False,False
22,0.4887065887451172,4.34,89.41,7.86,autopilot,False,False,False
23,0.5117900371551514,4.38,89.51,7.86,autopilot,False,False,False
24,0.533383846282959,4.42,89.6,7.86,autopilot,False,False,False
25,0.5563948154449463,4.45,89.7,7.86,autopilot,False,False,False
26,0.579094409942627,4.49,89.81,7.86,autopilot,False,False,False
27,0.6021707057952881,4.52,89.91,7.86,autopilot,False,False,False
28,0.6247847080230713,4.55,90.01,7.87,autopilot,False,False,False
29,0.647819995880127,4.58,90.12,7.87,autopilot,False,False,False
30,0.6705350875854492,4.61,90.22,7.87,autopilot,False,False,False
31,0.6927013397216797,4.63,90.33,7.87,autopilot,False,False,False
32,0.7153332233428955,4.65,90.43,7.87,autopilot,False,False,False
33,0.7387828826904297,4.67,90.54,7.87,autopilot,False,False,False
34,0.7616560459136963,4.69,90.65,7.87,autopilot,False,False,False
35,0.7852210998535156,4.71,90.75,7.88,autopilot,False,False,False
36,0.8093662261962891,4.73,90.85,7.88,autopilot,False,False,False
37,0.831810712814331,4.74,90.98,7.88,autopilot,False,False,False
38,0.8551719188690186,4.76,91.09,7.88,autopilot,False,False,False
39,0.8781230449676514,4.77,91.2,7.88,autopilot,False,False,False
40,0.9021704196929932,4.78,91.31,7.88,autopilot,False,False,False
41,0.9252533912658691,4.79,91.42,7.89,autopilot,False,False,False
42,0.9473369121551514,4.8,91.53,7.89,autopilot,False,False,False
43,0.9678895473480225,4.81,91.63,7.89,autopilot,False,False,False
44,0.9885897636413574,4.82,91.73,7.89,autopilot,False,False,False
45,1.0097196102142334,4.82,91.83,7.89,autopilot,False,False,False
46,1.033785104751587,4.83,91.94,7.89,autopilot,False,False,False
47,1.0576894283294678,4.84,92.06,7.9,autopilot,False,False,False
48,1.0807294845581055,4.84,92.17,7.9,autopilot,False,False,False
49,1.1038262844085693,4.85,92.28,7.9,autopilot,False,False,False
50,1.1283137798309326,4.85,92.4,7.9,autopilot,False,False,False
51,1.1513493061065674,4.85,92.52,7.9,autopilot,False,False,False
52,1.1744146347045898,4.86,92.63,7.9,autopilot,False,False,False
53,1.1967380046844482,4.86,92.74,7.91,autopilot,False,False,False
54,1.2197811603546143,4.86,92.85,7.91,autopilot,False,False,False
55,1.2422699928283691,4.86,92.96,7.91,autopilot,False,False,False
56,1.2648649215698242,4.87,93.07,7.91,autopilot,False,False,False
57,1.287424087524414,4.87,93.18,7.91,autopilot,False,False,False
58,1.3099219799041748,4.87,93.29,7.91,autopilot,False,False,False
59,1.3324744701385498,4.87,93.4,7.92,autopilot,False,False,False
60,1.3549346923828125,4.87,93.5,7.92,autopilot,False,False,False
61,1.3769681453704834,4.87,93.61,7.92,autopilot,False,False,False
62,1.399390459060669,4.87,93.72,7.92,autopilot,False,False,False
63,1.4209723472595215,4.87,93.83,7.92,autopilot,False,False,False
64,1.4433317184448242,4.87,93.94,7.92,autopilot,False,False,False
65,1.466465711593628,4.87,94.05,7.93,autopilot,False,False,False
66,1.4889812469482422,4.87,94.16,7.93,autopilot,False,False,False
67,1.5115463733673096,4.87,94.27,7.93,autopilot,False,False,False
68,1.5331988334655762,4.87,94.38,7.93,autopilot,False,False,False
69,1.5547633171081543,4.87,94.48,7.93,autopilot,False,False,False
70,1.5767927169799805,4.87,94.59,7.93,autopilot,False,False,False
71,1.5981426239013672,4.87,94.69,7.94,autopilot,False,False,False
72,1.6189875602722168,4.87,94.79,7.94,autopilot,False,False,False
73,1.6394076347351074,4.87,94.89,7.94,autopilot,False,False,False
74,1.6599206924438477,4.87,94.99,7.94,autopilot,False,False,False
75,1.6805732250213623,4.87,95.09,7.94,autopilot,False,False,False
76,1.7049715518951416,4.87,95.21,7.94,autopilot,False,False,False
77,1.7260119915008545,4.87,95.31,7.94,autopilot,False,False,False
78,1.7476022243499756,4.87,95.42,7.95,autopilot,False,False,False
79,1.7693591117858887,4.87,95.53,7.95,autopilot,False,False,False
80,1.7925097942352295,4.87,95.64,7.95,autopilot,False,False,False
81,1.816545009613037,4.87,95.75,7.95,autopilot,False,False,False
82,1.8420779705047607,4.87,95.87,7.95,autopilot,False,False,False
83,1.8638992309570312,4.87,95.98,7.95,autopilot,False,False,False
84,1.886359453201294,4.87,96.1,7.96,autopilot,False,False,False
85,1.9088761806488037,4.87,96.21,7.96,autopilot,False,False,False
86,1.9304871559143066,4.87,96.31,7.96,autopilot,False,False,False
87,1.952852487564087,4.87,96.42,7.96,autopilot,False,False,False
88,1.9750540256500244,4.87,96.53,7.96,autopilot,False,False,False
89,1.9975149631500244,4.87,96.64,7.96,autopilot,False,False,False
90,2.020890474319458,4.87,96.75,7.97,autopilot,False,False,False
91,2.044222831726074,4.87,96.86,7.97,autopilot,False,False,False
92,2.0653414726257324,4.87,96.97,7.97,autopilot,False,False,False
93,2.08868145942688,4.87,97.08,7.97,autopilot,False,False,False
94,2.1106817722320557,4.87,97.19,7.97,autopilot,False,False,False
95,2.133227586746216,4.87,97.3,7.97,autopilot,False,False,False
96,2.155277729034424,4.87,97.41,7.98,autopilot,False,False,False
97,2.177196502685547,4.87,97.51,7.98,autopilot,False,False,False
98,2.1992757320404053,4.87,97.62,7.98,autopilot,False,False,False
99,2.2212419509887695,4.87,97.73,7.98,autopilot,False,False,False
100,2.2423183917999268,4.87,97.83,7.98,autopilot,False,False,False
101,2.2640810012817383,4.87,97.94,7.98,autopilot,False,False,False
102,2.285379648208618,4.87,98.04,7.99,autopilot,False,False,False
103,2.307199001312256,4.87,98.15,7.99,autopilot,False,False,False
104,2.3291471004486084,4.87,98.25,7.99,autopilot,False,False,False
105,2.35089373588562,4.87,98.36,7.99,autopilot,False,False,False
106,2.374756336212158,4.87,98.47,7.99,autopilot,False,False,False
107,2.397207260131836,4.87,98.59,7.99,autopilot,False,False,False
108,2.4196646213531494,4.87,98.7,7.99,autopilot,False,False,False
109,2.4416422843933105,4.87,98.8,8.0,autopilot,False,False,False
110,2.4637317657470703,4.87,98.91,8.0,autopilot,False,False,False
111,2.4843804836273193,4.87,99.01,8.0,autopilot,False,False,False
112,2.505788564682007,4.87,99.11,8.0,autopilot,False,False,False
113,2.5263116359710693,4.87,99.21,8.0,autopilot,False,False,False
114,2.550086736679077,4.87,99.33,8.0,autopilot,False,False,False
115,2.5721962451934814,4.87,99.43,8.01,autopilot,False,False,False
116,2.593323230743408,4.87,99.54,8.01,autopilot,False,False,False
117,2.614457130432129,4.87,99.65,8.01,autopilot,False,False,False
118,2.635451555252075,4.87,99.75,8.01,autopilot,False,False,False
119,2.6589770317077637,4.87,99.86,8.01,autopilot,False,False,False
120,2.6798830032348633,4.87,99.96,8.01,autopilot,False,False,False
121,2.703641891479492,4.87,100.08,8.02,autopilot,False,False,False
122,2.7275609970092773,4.87,100.19,8.02,autopilot,False,False,False
123,2.7486472129821777,4.87,100.3,8.02,autopilot,False,False,False
124,2.7700626850128174,4.87,100.4,8.02,autopilot,False,False,False
125,2.792233943939209,4.87,100.51,8.02,autopilot,False,False,False
126,2.8150463104248047,4.87,100.62,8.02,autopilot,False,False,False
127,2.8355817794799805,4.87,100.72,8.03,autopilot,False,False,False
128,2.857518434524536,4.87,100.83,8.03,autopilot,False,False,False
129,2.878960132598877,4.87,100.93,8.03,autopilot,False,False,False
130,2.900928497314453,4.87,101.04,8.03,autopilot,False,False,False
131,2.921900510787964,4.87,101.14,8.03,autopilot,False,False,False
132,2.9430041313171387,4.87,101.25,8.03,autopilot,False,False,False
133,2.964832305908203,4.87,101.35,8.03,autopilot,False,False,False
134,2.98620867729187,4.84,101.45,8.04,autopilot,False,False,False
135,3.008131980895996,4.8,101.56,8.04,autopilot,False,False,False
136,3.0307955741882324,4.73,101.67,8.04,autopilot,False,False,False
137,3.0531301498413086,4.64,101.77,8.04,autopilot,False,False,False
138,3.0747969150543213,4.53,101.87,8.04,autopilot,False,False,False
139,3.096125602722168,4.41,101.97,8.04,autopilot,False,False,False
140,3.116926908493042,4.27,102.06,8.05,autopilot,False,False,False
141,3.138841152191162,4.12,102.15,8.05,autopilot,False,False,False
142,3.1626055240631104,3.95,102.24,8.05,autopilot,False,False,False
143,3.1836915016174316,3.81,102.33,8.05,autopilot,False,False,False
144,3.2073423862457275,3.65,102.41,8.05,autopilot,False,False,False
145,3.228363275527954,3.53,102.49,8.05,autopilot,False,False,False
146,3.2521111965179443,3.4,102.57,8.05,autopilot,False,False,False
147,3.275820016860962,3.28,102.65,8.05,autopilot,False,False,False
148,3.298248052597046,3.18,102.72,8.06,autopilot,False,False,False
149,3.322072982788086,3.09,102.8,8.06,autopilot,False,False,False
150,3.3425214290618896,3.01,102.86,8.06,autopilot,False,False,False
151,3.3640904426574707,2.95,102.92,8.06,autopilot,False,False,False
152,3.385361909866333,2.88,102.99,8.06,autopilot,False,False,False
153,3.4060420989990234,2.83,103.04,8.06,autopilot,False,False,False
154,3.429291009902954,2.78,103.11,8.06,autopilot,False,False,False
155,3.450143337249756,2.74,103.17,8.06,autopilot,False,False,False
156,3.473111629486084,2.7,103.23,8.06,autopilot,False,False,False
157,3.493515968322754,2.67,103.28,8.06,autopilot,False,False,False
158,3.513885259628296,2.64,103.34,8.06,autopilot,False,False,False
159,3.536851406097412,2.61,103.4,8.07,autopilot,False,False,False
160,3.5571815967559814,2.58,103.45,8.07,autopilot,False,False,False
161,3.5781638622283936,2.56,103.5,8.07,autopilot,False,False,False
162,3.5988776683807373,2.54,103.56,8.07,autopilot,False,False,False
163,3.619276285171509,2.52,103.61,8.07,autopilot,False,False,False
164,3.642706871032715,2.49,103.67,8.07,autopilot,False,False,False
165,3.6658990383148193,2.48,103.73,8.07,autopilot,False,False,False
166,3.689328670501709,2.46,103.78,8.07,autopilot,False,False,False
167,3.7103803157806396,2.45,103.83,8.07,autopilot,False,False,False
168,3.731760263442993,2.44,103.89,8.07,autopilot,False,False,False
169,3.7526726722717285,2.43,103.94,8.07,autopilot,False,False,False
170,3.7759368419647217,2.42,103.99,8.07,autopilot,False,False,False
171,3.7978546619415283,2.41,104.05,8.07,autopilot,False,False,False
172,3.821138858795166,2.41,104.1,8.08,autopilot,False,False,False
173,3.8444669246673584,2.41,104.16,8.08,autopilot,False,False,False
174,3.865830659866333,2.4,104.21,8.08,autopilot,False,False,False
175,3.889357089996338,2.4,104.27,8.08,autopilot,False,False,False
176,3.9107468128204346,2.4,104.32,8.08,autopilot,False,False,False
177,3.931123971939087,2.4,104.37,8.08,autopilot,False,False,False
178,3.9517548084259033,2.4,104.42,8.08,autopilot,False,False,False
179,3.973209857940674,2.4,104.47,8.08,autopilot,False,False,False
180,3.9962735176086426,2.41,104.52,8.08,autopilot,False,False,False
181,4.017752408981323,2.41,104.58,8.08,autopilot,False,False,False
182,4.038678407669067,2.41,104.63,8.08,autopilot,False,False,False
183,4.059191465377808,2.41,104.68,8.08,autopilot,False,False,False
184,4.079621076583862,2.42,104.73,8.08,autopilot,False,False,False
185,4.100204706192017,2.42,104.78,8.09,autopilot,False,False,False
186,4.120549440383911,2.42,104.82,8.09,autopilot,False,False,False
187,4.141016483306885,2.43,104.87,8.09,autopilot,False,False,False
188,4.161449909210205,2.43,104.92,8.09,autopilot,False,False,False
189,4.18439507484436,2.43,104.98,8.09,autopilot,False,False,False
190,4.2082672119140625,2.44,105.04,8.09,manual,False,False,True
191,4.231485843658447,2.44,105.09,8.09,pure_pursuit,False,False,True
192,4.252200126647949,2.45,105.14,8.09,pure_pursuit,False,False,True
193,4.274032354354858,2.45,105.2,8.09,pure_pursuit,False,False,True
194,4.295163154602051,2.45,105.25,8.09,pure_pursuit,False,False,True
195,4.3158204555511475,2.45,105.3,8.08,pure_pursuit,False,False,True
196,4.336601257324219,2.45,105.35,8.08,pure_pursuit,False,False,True
197,4.35982346534729,2.45,105.41,8.07,pure_pursuit,False,False,True
198,4.381089687347412,2.45,105.46,8.06,pure_pursuit,False,False,True
199,4.403818130493164,2.45,105.51,8.05,pure_pursuit,False,False,True
200,4.425206184387207,2.45,105.56,8.04,pure_pursuit,False,False,True
201,4.447555780410767,2.45,105.61,8.02,pure_pursuit,False,False,True
202,4.469950199127197,2.44,105.66,8.0,pure_pursuit,False,False,True
203,4.491725921630859,2.44,105.71,7.98,pure_pursuit,False,False,True
204,4.513460874557495,2.43,105.76,7.96,pure_pursuit,False,False,True
205,4.535170793533325,2.42,105.81,7.94,pure_pursuit,False,False,True
206,4.557040691375732,2.4,105.85,7.92,pure_pursuit,False,False,True
207,4.57871413230896,2.39,105.89,7.89,pure_pursuit,False,False,True
208,4.601536512374878,2.37,105.93,7.86,pure_pursuit,False,False,True
209,4.623907804489136,2.35,105.97,7.83,pure_pursuit,False,False,True
210,4.646259784698486,2.35,106.01,7.8,pure_pursuit,False,True,True
211,4.666981935501099,2.35,106.05,7.77,pure_pursuit,False,True,True
212,4.688416242599487,2.37,106.08,7.74,pure_pursuit,False,True,True
213,4.711124420166016,2.38,106.11,7.7,pure_pursuit,False,True,True
214,4.7342493534088135,2.39,106.15,7.66,pure_pursuit,False,True,True
215,4.75812840461731,2.41,106.18,7.63,pure_pursuit,False,True,True
216,4.780993700027466,2.42,106.22,7.59,pure_pursuit,False,True,True
217,4.803461313247681,2.44,106.25,7.55,pure_pursuit,False,True,True
218,4.826895713806152,2.45,106.28,7.51,pure_pursuit,False,True,True
219,4.8502678871154785,2.46,106.31,7.46,pure_pursuit,False,True,True
220,4.871048450469971,2.48,106.34,7.42,pure_pursuit,False,True,True
221,4.8948893547058105,2.49,106.37,7.38,pure_pursuit,False,True,True
222,4.917844295501709,2.5,106.4,7.34,pure_pursuit,False,True,True
223,4.941202402114868,2.52,106.43,7.29,pure_pursuit,False,True,True
224,4.9645445346832275,2.53,106.46,7.24,pure_pursuit,False,True,True
225,4.985034227371216,2.54,106.48,7.2,pure_pursuit,False,True,True
226,5.0063018798828125,2.55,106.5,7.16,pure_pursuit,False,True,True
227,5.027593612670898,2.56,106.53,7.11,pure_pursuit,False,True,True
228,5.04947566986084,2.57,106.55,7.06,pure_pursuit,False,True,True
229,5.071668386459351,2.59,106.57,7.02,pure_pursuit,False,True,True
230,5.0953614711761475,2.6,106.59,6.97,pure_pursuit,False,True,True
231,5.119690418243408,2.61,106.62,6.91,pure_pursuit,False,True,True
232,5.140832424163818,2.62,106.63,6.87,pure_pursuit,False,True,True
233,5.16221022605896,2.63,106.65,6.82,pure_pursuit,False,True,True
234,5.184443712234497,2.64,106.67,6.76,pure_pursuit,False,True,True
235,5.205718040466309,2.65,106.69,6.71,pure_pursuit,False,True,True
236,5.227410316467285,2.67,106.7,6.66,pure_pursuit,False,True,True
237,5.2492451667785645,2.68,106.71,6.61,pure_pursuit,False,True,True
238,5.271463871002197,2.69,106.73,6.56,pure_pursuit,False,True,True
239,5.293193817138672,2.7,106.74,6.5,pure_pursuit,False,True,True
240,5.3150553703308105,2.71,106.75,6.45,pure_pursuit,False,True,True
241,5.337414979934692,2.72,106.76,6.4,pure_pursuit,False,True,True
242,5.360341310501099,2.73,106.77,6.34,pure_pursuit,False,True,True
243,5.383664131164551,2.76,106.78,6.28,autopilot,False,True,False
244,5.406877040863037,2.81,106.79,6.22,autopilot,False,True,False
245,5.4309117794036865,2.86,106.8,6.16,autopilot,False,True,False
246,5.452011346817017,2.91,106.81,6.1,autopilot,False,True,False
247,5.473675727844238,2.96,106.83,6.04,autopilot,False,True,False
248,5.495879650115967,3.0,106.85,5.98,autopilot,False,True,False
249,5.520771503448486,3.05,106.88,5.91,autopilot,False,True,False
250,5.545019149780273,3.09,106.92,5.84,autopilot,False,True,False
251,5.56537652015686,3.12,106.95,5.79,autopilot,False,True,False
252,5.590542316436768,3.16,106.99,5.72,autopilot,False,True,False
253,5.611297845840454,3.19,107.02,5.67,autopilot,False,True,False
254,5.631900310516357,3.22,107.06,5.61,autopilot,False,True,False
255,5.656636714935303,3.26,107.11,5.55,autopilot,False,True,False
256,5.681548595428467,3.3,107.16,5.49,autopilot,False,True,False
257,5.70247220993042,3.32,107.2,5.45,autopilot,False,True,False
258,5.7264463901519775,3.36,107.26,5.38,autopilot,False,True,False
259,5.747592449188232,3.39,107.31,5.33,autopilot,False,True,False
260,5.768378973007202,3.42,107.37,5.28,autopilot,False,True,False
261,5.789296627044678,3.44,107.42,5.23,autopilot,False,True,False
262,5.815771579742432,3.46,107.48,5.19,autopilot,False,True,False
263,5.838970422744751,3.48,107.55,5.13,autopilot,False,True,False
264,5.863789319992065,3.49,107.62,5.09,autopilot,False,True,False
265,5.886850833892822,3.5,107.69,5.04,autopilot,False,True,False
266,5.910400867462158,3.52,107.76,5.01,autopilot,False,True,False
267,5.93268346786499,3.56,107.83,4.97,autopilot,False,True,False
268,5.954751491546631,3.6,107.9,4.94,autopilot,False,True,False
269,5.976534128189087,3.64,107.97,4.92,autopilot,False,True,False
270,5.998550176620483,3.69,108.04,4.89,autopilot,False,True,False
271,6.020230770111084,3.73,108.12,4.86,autopilot,False,True,False
272,6.041843891143799,3.78,108.19,4.84,autopilot,False,True,False
273,6.063948631286621,3.82,108.27,4.81,autopilot,False,True,False
274,6.085611581802368,3.87,108.35,4.79,autopilot,False,True,False
275,6.10770320892334,3.91,108.42,4.77,autopilot,False,True,False
276,6.128743648529053,3.96,108.5,4.76,autopilot,False,True,False
277,6.149321794509888,4.0,108.58,4.74,autopilot,False,True,False
278,6.169941425323486,4.04,108.66,4.73,autopilot,False,True,False
279,6.193037509918213,4.08,108.75,4.71,autopilot,False,True,False
280,6.215234279632568,4.13,108.84,4.7,autopilot,False,True,False
281,6.237231731414795,4.17,108.92,4.69,autopilot,False,True,False
282,6.2579755783081055,4.2,109.01,4.68,autopilot,False,True,False
283,6.278525352478027,4.24,109.09,4.68,autopilot,False,True,False
284,6.299629211425781,4.27,109.18,4.68,autopilot,False,True,False
285,6.320128917694092,4.3,109.26,4.67,autopilot,False,True,False
286,6.343086242675781,4.34,109.36,4.68,autopilot,False,True,False
287,6.3651206493377686,4.37,109.45,4.68,autopilot,False,True,False
288,6.388197660446167,4.4,109.55,4.69,autopilot,False,True,False
289,6.410306453704834,4.45,109.64,4.69,autopilot,False,True,False
290,6.4323389530181885,4.51,109.74,4.7,autopilot,False,True,False
291,6.455448389053345,4.57,109.84,4.71,autopilot,False,True,False
292,6.477100610733032,4.62,109.94,4.72,autopilot,False,True,False
293,6.499196529388428,4.66,110.04,4.73,autopilot,False,True,False
294,6.520809650421143,4.7,110.13,4.74,autopilot,False,True,False
295,6.541950464248657,4.74,110.23,4.75,autopilot,False,True,False
296,6.562939643859863,4.76,110.33,4.76,autopilot,False,True,False
297,6.584104299545288,4.79,110.43,4.77,autopilot,False,True,False
298,6.606425523757935,4.81,110.54,4.78,autopilot,False,True,False
299,6.62783670425415,4.83,110.64,4.79,autopilot,False,True,False
300,6.6499059200286865,4.84,110.74,4.8,autopilot,False,True,False
301,6.671024560928345,4.85,110.84,4.81,autopilot,False,True,False
302,6.69827938079834,4.86,110.95,4.83,autopilot,False,True,False
303,6.720300912857056,4.87,111.08,4.85,autopilot,False,True,False
304,6.743687868118286,4.88,111.19,4.87,autopilot,False,True,False
305,6.766576528549194,4.88,111.3,4.89,autopilot,False,True,False
306,6.787240266799927,4.89,111.39,4.91,autopilot,False,True,False
307,6.808995723724365,4.89,111.48,4.92,autopilot,False,True,False
308,6.829575538635254,4.9,111.6,4.95,autopilot,False,True,False
309,6.851268291473389,4.9,111.7,4.97,autopilot,False,True,False
310,6.873264312744141,4.91,111.8,4.99,autopilot,False,True,False
311,6.894976615905762,4.91,111.91,5.02,autopilot,False,True,False
312,6.916085243225098,4.92,112.01,5.04,autopilot,False,True,False
313,6.93735408782959,4.92,112.11,5.07,autopilot,False,True,False
314,6.958432912826538,4.93,112.21,5.09,autopilot,False,True,False
315,6.979386806488037,4.93,112.31,5.11,autopilot,False,True,False
316,7.001434803009033,4.93,112.41,5.14,autopilot,False,True,False
317,7.023812294006348,4.93,112.52,5.17,autopilot,False,True,False
318,7.045984506607056,4.93,112.63,5.19,autopilot,False,True,False
319,7.067957639694214,4.93,112.73,5.21,autopilot,False,True,False
320,7.089175701141357,4.93,112.83,5.24,autopilot,False,True,False
321,7.110839366912842,4.93,112.94,5.26,autopilot,False,True,False
322,7.132802963256836,4.93,113.04,5.28,autopilot,False,True,False
323,7.15437126159668,4.93,113.15,5.3,autopilot,False,True,False
324,7.176169395446777,4.92,113.25,5.33,autopilot,False,True,False
325,7.197923898696899,4.92,113.36,5.35,autopilot,False,True,False
326,7.218748092651367,4.92,113.46,5.37,autopilot,False,True,False
327,7.240036249160767,4.91,113.56,5.38,autopilot,False,True,False
328,7.260803699493408,4.91,113.66,5.4,autopilot,False,True,False
329,7.282230854034424,4.91,113.77,5.42,autopilot,False,True,False
330,7.303020477294922,4.9,113.87,5.44,autopilot,False,True,False
331,7.323843002319336,4.9,113.97,5.45,autopilot,False,True,False
332,7.34575891494751,4.9,114.07,5.47,autopilot,False,True,False
333,7.366907119750977,4.9,114.18,5.48,autopilot,False,True,False
334,7.387682676315308,4.89,114.28,5.5,autopilot,False,True,False
335,7.408937692642212,4.89,114.38,5.51,autopilot,False,True,False
336,7.429727792739868,4.89,114.48,5.53,autopilot,False,True,False
337,7.452871322631836,4.89,114.59,5.54,autopilot,False,True,False
338,7.473711729049683,4.89,114.7,5.56,autopilot,False,True,False
339,7.494505882263184,4.89,114.8,5.57,autopilot,False,True,False
340,7.518129348754883,4.88,114.91,5.58,autopilot,False,True,False
341,7.540995836257935,4.88,115.02,5.6,autopilot,False,True,False
342,7.56337571144104,4.88,115.13,5.61,autopilot,False,True,False
343,7.586069583892822,4.88,115.24,5.62,autopilot,False,True,False
344,7.609344959259033,4.88,115.35,5.63,autopilot,False,True,False
345,7.6314051151275635,4.88,115.46,5.64,autopilot,False,True,False
346,7.653532266616821,4.88,115.57,5.65,autopilot,False,True,False
347,7.675516843795776,4.88,115.67,5.67,autopilot,False,True,False
348,7.700500726699829,4.88,115.77,5.67,autopilot,False,True,False
349,7.723100185394287,4.88,115.9,5.69,autopilot,False,True,False
350,7.744221210479736,4.88,116.01,5.7,autopilot,False,True,False
351,7.767764329910278,4.88,116.12,5.71,autopilot,False,True,False
352,7.788957357406616,4.87,116.22,5.72,autopilot,False,True,False
353,7.81078577041626,4.87,116.31,5.72,autopilot,False,True,False
354,7.834165573120117,4.83,116.44,5.74,autopilot,False,True,False
355,7.857532501220703,4.77,116.55,5.74,autopilot,False,True,False
356,7.880083084106445,4.69,116.66,5.75,autopilot,False,True,False
357,7.9007790088653564,4.6,116.76,5.76,autopilot,False,True,False
358,7.924546718597412,4.47,116.86,5.77,autopilot,False,True,False
359,7.947232961654663,4.33,116.96,5.77,autopilot,False,True,False
360,7.970454692840576,4.17,117.06,5.78,autopilot,False,True,False
361,7.993258953094482,4.0,117.15,5.78,autopilot,False,True,False
362,8.017207860946655,3.83,117.25,5.78,autopilot,False,True,False
363,8.037711381912231,3.7,117.32,5.79,autopilot,False,True,False
364,8.061166524887085,3.55,117.41,5.79,autopilot,False,True,False
365,8.083544492721558,3.42,117.49,5.79,autopilot,False,True,False
366,8.106518983840942,3.31,117.56,5.78,autopilot,False,True,False
367,8.128489971160889,3.2,117.63,5.78,autopilot,False,True,False
368,8.150075912475586,3.11,117.7,5.78,autopilot,False,True,False
369,8.172481536865234,3.03,117.77,5.77,autopilot,False,True,False
370,8.19588327407837,2.95,117.84,5.77,autopilot,False,True,False
371,8.21842646598816,2.89,117.9,5.76,autopilot,False,True,False
372,8.240417957305908,2.83,117.97,5.76,autopilot,False,True,False
373,8.26230239868164,2.78,118.03,5.75,autopilot,False,True,False
374,8.284842491149902,2.74,118.09,5.75,autopilot,False,True,False
375,8.307397365570068,2.7,118.15,5.74,autopilot,False,True,False
376,8.330651760101318,2.67,118.21,5.74,autopilot,False,True,False
377,8.351975440979004,2.64,118.27,5.73,autopilot,False,True,False
378,8.373318195343018,2.61,118.33,5.72,autopilot,False,True,False
379,8.39384150505066,2.58,118.38,5.72,autopilot,False,True,False
380,8.41723895072937,2.56,118.44,5.71,autopilot,False,True,False
381,8.438257217407227,2.53,118.49,5.71,autopilot,False,True,False
382,8.462093591690063,2.51,118.54,5.7,autopilot,False,True,False
383,8.483027458190918,2.49,118.6,5.69,autopilot,False,True,False
384,8.506636381149292,2.48,118.65,5.69,autopilot,False,True,False
385,8.52799916267395,2.46,118.71,5.68,autopilot,False,True,False
386,8.549180507659912,2.45,118.76,5.68,autopilot,False,True,False
387,8.56960129737854,2.44,118.81,5.67,autopilot,False,True,False
388,8.590584516525269,2.43,118.86,5.67,autopilot,False,True,False
389,8.611180543899536,2.43,118.91,5.66,autopilot,False,True,False
390,8.631657361984253,2.42,118.96,5.65,autopilot,False,True,False
391,8.654518842697144,2.41,119.02,5.65,autopilot,False,True,False
392,8.677955389022827,2.41,119.07,5.64,autopilot,False,True,False
393,8.701213836669922,2.41,119.13,5.64,autopilot,False,True,False
394,8.724024772644043,2.41,119.18,5.63,autopilot,False,True,False
395,8.74500036239624,2.41,119.24,5.63,autopilot,False,True,False
396,8.765857219696045,2.41,119.28,5.62,autopilot,False,True,False
397,8.786831140518188,2.41,119.33,5.62,autopilot,False,True,False
398,8.810236692428589,2.41,119.38,5.62,autopilot,False,True,False
399,8.832434892654419,2.41,119.44,5.61,autopilot,False,True,False
400,8.854371786117554,2.41,119.5,5.61,autopilot,False,True,False
401,8.875906705856323,2.41,119.55,5.6,autopilot,False,True,False
402,8.897048473358154,2.42,119.6,5.6,autopilot,False,True,False
403,8.917970657348633,2.42,119.65,5.59,autopilot,False,True,False
404,8.939058780670166,2.42,119.7,5.59,autopilot,False,True,False
405,8.960240125656128,2.42,119.75,5.59,autopilot,False,True,False
406,8.981234788894653,2.43,119.8,5.58,autopilot,False,True,False
407,9.001782894134521,2.43,119.85,5.58,autopilot,False,True,False
408,9.022476434707642,2.44,119.9,5.57,autopilot,False,True,False
409,9.043426275253296,2.44,119.95,5.57,autopilot,False,True,False
410,9.06459903717041,2.44,120.01,5.57,autopilot,False,True,False
411,9.085617065429688,2.45,120.06,5.56,autopilot,False,True,False
412,9.108665943145752,2.45,120.11,5.56,autopilot,False,True,False
413,9.129570722579956,2.45,120.16,5.56,autopilot,False,True,False
414,9.151629209518433,2.46,120.22,5.55,autopilot,False,True,False
415,9.173824787139893,2.46,120.27,5.55,autopilot,False,True,False
416,9.196666955947876,2.47,120.32,5.55,autopilot,False,True,False
417,9.218055486679077,2.47,120.38,5.54,autopilot,False,True,False
418,9.23949670791626,2.47,120.43,5.54,autopilot,False,True,False
419,9.26285433769226,2.48,120.49,5.54,autopilot,False,True,False
420,9.285850524902344,2.48,120.55,5.53,autopilot,False,True,False
421,9.307892084121704,2.48,120.6,5.53,autopilot,False,True,False
422,9.329395055770874,2.49,120.66,5.53,autopilot,False,True,False
423,9.351001024246216,2.49,120.71,5.52,autopilot,False,True,False
424,9.371731519699097,2.49,120.76,5.52,autopilot,False,True,False
425,9.392441511154175,2.49,120.81,5.52,autopilot,False,True,False
426,9.413830995559692,2.49,120.87,5.51,autopilot,False,True,False
427,9.434392213821411,2.5,120.92,5.51,autopilot,False,True,False
428,9.455239534378052,2.5,120.97,5.51,autopilot,False,True,False
429,9.478609323501587,2.5,121.03,5.51,autopilot,False,True,False
430,9.501407146453857,2.5,121.09,5.5,autopilot,False,True,False
431,9.523263692855835,2.5,121.14,5.5,autopilot,False,True,False
432,9.545794010162354,2.5,121.2,5.5,autopilot,False,True,False
433,9.568198442459106,2.5,121.25,5.5,autopilot,False,True,False
434,9.588556289672852,2.5,121.3,5.49,autopilot,False,True,False
435,9.609102487564087,2.5,121.35,5.49,autopilot,False,True,False
436,9.629913091659546,2.5,121.41,5.49,autopilot,False,True,False
437,9.652856588363647,2.5,121.46,5.49,autopilot,False,True,False
438,9.673536539077759,2.5,121.51,5.49,autopilot,False,True,False
439,9.698210954666138,2.5,121.56,5.48,autopilot,False,True,False
440,9.721017837524414,2.5,121.63,5.48,autopilot,False,True,False
441,9.74232816696167,2.5,121.69,5.48,autopilot,False,True,False
442,9.763146162033081,2.5,121.74,5.48,autopilot,False,True,False
443,9.784467697143555,2.5,121.79,5.48,autopilot,False,True,False
444,9.81074070930481,2.5,121.85,5.47,autopilot,False,True,False
445,9.831514120101929,2.5,121.91,5.47,autopilot,False,True,False
446,9.852617263793945,2.5,121.96,5.47,autopilot,False,True,False
447,9.875879764556885,2.5,122.02,5.47,autopilot,False,True,False
448,9.896709203720093,2.5,122.07,5.47,autopilot,False,True,False
449,9.918151378631592,2.5,122.13,5.47,autopilot,False,True,False
450,9.939279556274414,2.5,122.18,5.47,autopilot,False,True,False
451,9.960119485855103,2.5,122.23,5.46,autopilot,False,True,False
452,9.982678890228271,2.5,122.29,5.46,autopilot,False,True,False
453,10.004326105117798,2.5,122.34,5.46,autopilot,False,True,False
454,10.025572538375854,2.5,122.4,5.46,autopilot,False,True,False
455,10.046301126480103,2.5,122.45,5.46,autopilot,False,True,False
456,10.0686616897583,2.5,122.51,5.46,autopilot,False,True,False
457,10.088912010192871,2.5,122.56,5.46,autopilot,False,True,False
458,10.11198091506958,2.5,122.61,5.45,autopilot,False,True,False
459,10.13269853591919,2.5,122.66,5.45,autopilot,False,True,False
460,10.155842065811157,2.5,122.72,5.45,autopilot,False,True,False
461,10.177956104278564,2.5,122.78,5.45,autopilot,False,True,False
462,10.198259592056274,2.5,122.83,5.45,autopilot,False,True,False
463,10.221150875091553,2.5,122.89,5.45,autopilot,False,True,False
464,10.245283603668213,2.5,122.94,5.45,autopilot,False,True,False
465,10.26771330833435,2.5,123.0,5.45,autopilot,False,True,False
466,10.290372848510742,2.5,123.06,5.44,autopilot,False,True,False
467,10.313206672668457,2.5,123.12,5.44,autopilot,False,True,False
468,10.335957527160645,2.5,123.17,5.44,autopilot,False,True,False
469,10.356297254562378,2.5,123.22,5.44,autopilot,False,True,False
470,10.37869906425476,2.5,123.28,5.44,autopilot,False,True,False
471,10.401509046554565,2.5,123.34,5.44,autopilot,False,True,False
472,10.423696756362915,2.5,123.39,5.44,autopilot,False,True,False
473,10.445043563842773,2.5,123.45,5.44,autopilot,False,True,False
474,10.467974185943604,2.5,123.5,5.44,autopilot,False,True,False
475,10.489753484725952,2.5,123.56,5.43,autopilot,False,True,False
476,10.512042999267578,2.5,123.61,5.43,autopilot,False,True,False
477,10.533798933029175,2.5,123.67,5.43,autopilot,False,True,False
478,10.555524826049805,2.5,123.72,5.43,autopilot,False,True,False
479,10.578415155410767,2.5,123.78,5.43,autopilot,False,True,False
480,10.598961591720581,2.5,123.83,5.43,autopilot,False,True,False
481,10.621746063232422,2.5,123.89,5.43,autopilot,False,True,False
482,10.644606113433838,2.5,123.94,5.43,autopilot,False,True,False
483,10.66732668876648,2.5,124.0,5.43,autopilot,False,True,False
484,10.689410209655762,2.5,124.06,5.43,autopilot,False,True,False
485,10.710960865020752,2.5,124.11,5.43,autopilot,False,True,False
486,10.733776807785034,2.5,124.17,5.42,autopilot,False,True,False
487,10.756858110427856,2.5,124.23,5.42,autopilot,False,True,False
488,10.779560089111328,2.5,124.28,5.42,autopilot,False,True,False
489,10.801100492477417,2.5,124.34,5.42,autopilot,False,True,False
490,10.825015783309937,2.5,124.4,5.42,autopilot,False,True,False
491,10.84622073173523,2.5,124.45,5.42,autopilot,False,True,False
492,10.866483926773071,2.5,124.5,5.42,autopilot,False,True,False
493,10.889033794403076,2.5,124.56,5.42,autopilot,False,True,False
494,10.911704778671265,2.5,124.62,5.42,autopilot,False,True,False
495,10.934016704559326,2.5,124.67,5.42,autopilot,False,True,False
496,10.955650329589844,2.5,124.73,5.42,autopilot,False,True,False
497,10.976055145263672,2.5,124.78,5.42,autopilot,False,True,False
498,10.997016906738281,2.48,124.83,5.42,autopilot,False,True,False
499,11.019604921340942,2.43,124.88,5.41,autopilot,False,True,False
500,11.04284405708313,2.36,124.94,5.41,autopilot,False,True,False
501,11.063541412353516,2.29,124.99,5.4,autopilot,False,True,False
502,11.084667444229126,2.19,125.03,5.4,autopilot,False,True,False
503,11.107507228851318,2.06,125.08,5.4,autopilot,False,True,False
504,11.129376411437988,1.92,125.12,5.39,autopilot,False,True,False
505,11.151958227157593,1.75,125.17,5.39,autopilot,False,True,False
506,11.174664735794067,1.59,125.2,5.39,autopilot,False,True,False
507,11.195018529891968,1.44,125.23,5.38,autopilot,False,True,False
508,11.215433359146118,1.28,125.26,5.38,autopilot,False,True,False
509,11.23586630821228,1.13,125.28,5.38,autopilot,False,True,False
510,11.256322860717773,0.98,125.31,5.38,autopilot,False,True,False
511,11.27920413017273,0.8,125.33,5.38,autopilot,False,True,False
512,11.301741123199463,0.63,125.34,5.37,autopilot,False,True,False
513,11.325165271759033,0.46,125.35,5.37,autopilot,False,True,False
514,11.347877979278564,0.29,125.36,5.37,autopilot,False,True,False
515,11.370566129684448,0.05,125.37,5.37,autopilot,False,True,False
516,11.393590927124023,0.0,125.37,5.37,autopilot,False,True,False
517,11.41562819480896,0.0,125.37,5.37,autopilot,False,True,False
518,11.437573194503784,0.0,125.37,5.37,autopilot,False,True,False
519,11.45909070968628,0.0,125.37,5.37,autopilot,False,True,False
520,11.47965931892395,0.0,125.37,5.37,autopilot,False,True,False
521,11.504868030548096,0.0,125.37,5.37,autopilot,False,True,False
522,11.526904821395874,0.0,125.37,5.37,autopilot,False,True,False
523,11.547794103622437,0.0,125.37,5.37,autopilot,False,True,False
524,11.568933010101318,0.0,125.37,5.37,manual,False,True,True
525,11.591434478759766,0.0,125.37,5.37,pure_pursuit,False,True,True
526,11.612308979034424,0.0,125.37,5.37,pure_pursuit,False,True,True
527,11.634196043014526,0.0,125.37,5.37,pure_pursuit,False,True,True
528,11.65609884262085,0.0,125.37,5.37,pure_pursuit,False,True,True
529,11.678109169006348,0.0,125.37,5.37,pure_pursuit,False,True,True
530,11.70216989517212,0.01,125.37,5.37,pure_pursuit,False,True,True
531,11.724998474121094,0.03,125.37,5.37,pure_pursuit,False,True,True
532,11.747804403305054,0.06,125.37,5.37,pure_pursuit,False,True,True
533,11.770697116851807,0.09,125.37,5.37,pure_pursuit,False,True,True
534,11.794150114059448,0.13,125.37,5.37,pure_pursuit,False,True,True
535,11.816550970077515,0.14,125.38,5.37,pure_pursuit,False,True,True
536,11.8390634059906,0.18,125.38,5.37,pure_pursuit,False,True,True
537,11.860011577606201,0.21,125.38,5.38,pure_pursuit,False,True,True
538,11.883301258087158,0.24,125.39,5.38,pure_pursuit,False,True,True
539,11.906108856201172,0.27,125.39,5.38,pure_pursuit,False,True,True
540,11.928374528884888,0.3,125.4,5.38,pure_pursuit,False,True,True
541,11.95009469985962,0.32,125.41,5.39,pure_pursuit,False,True,True
542,11.972351551055908,0.35,125.41,5.39,pure_pursuit,False,True,True
543,11.996255159378052,0.37,125.42,5.39,pure_pursuit,False,True,True
544,12.019099235534668,0.4,125.43,5.4,pure_pursuit,False,True,True
545,12.042526960372925,0.42,125.43,5.4,pure_pursuit,False,True,True
546,12.064814805984497,0.45,125.44,5.41,pure_pursuit,False,True,True
547,12.087586641311646,0.47,125.45,5.41,pure_pursuit,False,True,True
548,12.110379219055176,0.5,125.46,5.42,pure_pursuit,False,True,True
549,12.133212566375732,0.52,125.46,5.43,pure_pursuit,False,True,True
550,12.156124830245972,0.55,125.47,5.43,pure_pursuit,False,True,True
551,12.179571390151978,0.57,125.48,5.44,pure_pursuit,False,True,True
552,12.202808856964111,0.59,125.49,5.45,pure_pursuit,False,True,True
553,12.225682020187378,0.62,125.5,5.45,pure_pursuit,False,True,True
554,12.248484373092651,0.64,125.51,5.46,pure_pursuit,False,True,True
555,12.272176265716553,0.66,125.52,5.47,pure_pursuit,False,True,True
556,12.29285454750061,0.69,125.53,5.48,pure_pursuit,False,True,True
557,12.31374716758728,0.71,125.55,5.49,pure_pursuit,False,True,True
558,12.336509227752686,0.73,125.56,5.5,pure_pursuit,False,True,True
559,12.357217788696289,0.75,125.57,5.51,pure_pursuit,False,True,True
560,12.379578351974487,0.77,125.58,5.52,pure_pursuit,False,True,True
561,12.402753591537476,0.79,125.59,5.53,pure_pursuit,False,True,True
562,12.424981594085693,0.82,125.61,5.54,pure_pursuit,False,True,True
563,12.448276042938232,0.84,125.62,5.55,pure_pursuit,False,True,True
564,12.470975637435913,0.86,125.63,5.56,pure_pursuit,False,True,True
565,12.491729259490967,0.88,125.65,5.57,pure_pursuit,False,True,True
566,12.51265287399292,0.9,125.66,5.58,pure_pursuit,False,True,True
567,12.535938501358032,0.92,125.67,5.6,pure_pursuit,False,True,True
568,12.557329177856445,0.94,125.69,5.61,pure_pursuit,False,True,True
569,12.578193664550781,0.96,125.7,5.62,pure_pursuit,False,True,True
570,12.60151720046997,0.98,125.71,5.63,pure_pursuit,False,True,True
571,12.62379002571106,1.0,125.73,5.65,pure_pursuit,False,True,True
572,12.646572589874268,1.02,125.74,5.66,pure_pursuit,False,True,True
573,12.669878005981445,1.05,125.76,5.68,pure_pursuit,False,True,True
574,12.698220491409302,1.07,125.78,5.69,pure_pursuit,False,True,True
575,12.718976020812988,1.09,125.79,5.71,pure_pursuit,False,True,True
576,12.740236282348633,1.11,125.81,5.73,pure_pursuit,False,True,True
577,12.761985540390015,1.13,125.82,5.75,pure_pursuit,False,True,True
578,12.783812046051025,1.15,125.84,5.76,pure_pursuit,False,True,True
579,12.810731887817383,1.17,125.86,5.78,pure_pursuit,False,True,True
580,12.832006692886353,1.19,125.87,5.8,pure_pursuit,False,True,True
581,12.854262351989746,1.21,125.89,5.82,pure_pursuit,False,True,True
582,12.876551151275635,1.23,125.91,5.84,pure_pursuit,False,True,True
583,12.898210525512695,1.25,125.92,5.86,pure_pursuit,False,True,True
584,12.920583724975586,1.27,125.94,5.88,pure_pursuit,False,True,True
585,12.942266464233398,1.29,125.95,5.9,pure_pursuit,False,True,True
586,12.96506929397583,1.31,125.97,5.92,pure_pursuit,False,True,True
587,12.988971471786499,1.33,125.99,5.94,pure_pursuit,False,True,True
588,13.011656999588013,1.35,126.0,5.96,pure_pursuit,False,True,True
589,13.03395700454712,1.36,126.02,5.99,pure_pursuit,False,True,True
590,13.05477523803711,1.38,126.04,6.01,pure_pursuit,False,True,True
591,13.077524662017822,1.4,126.05,6.03,pure_pursuit,False,True,True
592,13.100838661193848,1.42,126.07,6.06,pure_pursuit,False,True,True
593,13.122719526290894,1.44,126.09,6.08,pure_pursuit,False,True,True
594,13.146132230758667,1.46,126.1,6.11,pure_pursuit,False,True,True
595,13.169479846954346,1.48,126.12,6.13,pure_pursuit,False,True,True
596,13.191281080245972,1.49,126.13,6.16,pure_pursuit,False,True,True
597,13.214121580123901,1.51,126.15,6.19,pure_pursuit,False,True,True
598,13.23792052268982,1.53,126.17,6.22,pure_pursuit,False,True,True
599,13.26190972328186,1.55,126.18,6.25,pure_pursuit,False,True,True
600,13.28265929222107,1.57,126.2,6.27,pure_pursuit,False,True,True
601,13.30472731590271,1.58,126.21,6.3,pure_pursuit,False,True,True
602,13.327285051345825,1.6,126.23,6.33,pure_pursuit,False,True,True
603,13.350821256637573,1.62,126.24,6.36,pure_pursuit,False,True,True
604,13.374043226242065,1.64,126.26,6.39,pure_pursuit,False,True,True
605,13.396676540374756,1.66,126.27,6.42,pure_pursuit,False,True,True
606,13.41911005973816,1.67,126.28,6.46,pure_pursuit,False,True,True
607,13.442832946777344,1.69,126.3,6.49,pure_pursuit,False,True,True
608,13.464979648590088,1.71,126.31,6.52,pure_pursuit,False,True,True
609,13.485752582550049,1.72,126.32,6.55,pure_pursuit,False,True,True
610,13.508041143417358,1.74,126.33,6.59,pure_pursuit,False,True,True
611,13.528801202774048,1.76,126.35,6.62,pure_pursuit,False,True,True
612,13.551534175872803,1.77,126.36,6.65,pure_pursuit,False,True,True
613,13.573740005493164,1.79,126.37,6.69,pure_pursuit,False,True,True
614,13.597543716430664,1.82,126.38,6.73,autopilot,False,True,False
615,13.621126890182495,1.87,126.39,6.76,autopilot,False,True,False
616,13.64382004737854,1.92,126.41,6.8,autopilot,False,True,False
617,13.667556524276733,1.97,126.43,6.84,autopilot,False,True,False
618,13.691055059432983,2.03,126.45,6.88,autopilot,False,True,False
619,13.712347745895386,2.07,126.48,6.92,autopilot,False,True,False
620,13.734302520751953,2.12,126.51,6.95,autopilot,False,True,False
621,13.755441188812256,2.17,126.54,6.99,autopilot,False,True,False
622,13.77748966217041,2.21,126.57,7.02,autopilot,False,True,False
623,13.801667928695679,2.25,126.61,7.06,autopilot,False,True,False
624,13.82630467414856,2.3,126.65,7.1,autopilot,False,True,False
625,13.848295211791992,2.35,126.69,7.13,autopilot,False,True,False
626,13.869862079620361,2.39,126.73,7.16,autopilot,False,True,False
627,13.891206502914429,2.44,126.77,7.19,autopilot,False,True,False
628,13.912852764129639,2.49,126.81,7.23,autopilot,False,True,False
629,13.934059143066406,2.54,126.86,7.26,autopilot,False,True,False
630,13.95514440536499,2.59,126.9,7.29,autopilot,False,True,False
631,13.977777004241943,2.64,126.95,7.32,autopilot,False,True,False
632,14.000749588012695,2.69,126.99,7.35,autopilot,False,True,False
633,14.021502494812012,2.74,127.04,7.39,autopilot,False,True,False
634,14.042887926101685,2.79,127.09,7.42,autopilot,False,True,False
635,14.063477993011475,2.84,127.14,7.45,autopilot,False,True,False
636,14.084677934646606,2.88,127.19,7.48,autopilot,False,True,False
637,14.105458736419678,2.92,127.25,7.51,autopilot,False,True,False
638,14.129184484481812,2.96,127.31,7.55,autopilot,False,True,False
639,14.149966955184937,3.0,127.36,7.58,autopilot,False,True,False
640,14.171126127243042,3.03,127.42,7.6,autopilot,False,True,False
641,14.192178964614868,3.07,127.47,7.63,autopilot,False,True,False
642,14.215258836746216,3.12,127.54,7.66,autopilot,False,True,False
643,14.235615968704224,3.16,127.6,7.68,autopilot,False,True,False
644,14.256185293197632,3.2,127.66,7.7,autopilot,False,True,False
645,14.279797315597534,3.25,127.73,7.73,autopilot,False,True,False
646,14.30058217048645,3.3,127.79,7.75,autopilot,False,True,False
647,14.324129581451416,3.35,127.87,7.77,autopilot,False,True,False
648,14.347676515579224,3.4,127.94,7.8,autopilot,False,True,False
649,14.36976408958435,3.46,128.01,7.82,autopilot,False,True,False
650,14.394297361373901,3.52,128.09,7.84,autopilot,False,True,False
651,14.417112350463867,3.57,128.17,7.86,autopilot,False,True,False
652,14.438032865524292,3.63,128.24,7.88,autopilot,False,True,False
653,14.460737466812134,3.68,128.32,7.9,autopilot,False,True,False
654,14.483301639556885,3.74,128.4,7.92,autopilot,False,True,False
655,14.50509762763977,3.79,128.48,7.94,autopilot,False,True,False
656,14.525908470153809,3.84,128.56,7.95,autopilot,False,True,False
657,14.547682762145996,3.9,128.64,7.97,autopilot,False,True,False
658,14.569417476654053,3.95,128.72,7.99,autopilot,False,True,False
659,14.591331481933594,4.0,128.8,8.01,autopilot,False,True,False
660,14.612399101257324,4.05,128.89,8.02,autopilot,False,True,False
661,14.633681058883667,4.1,128.97,8.04,autopilot,False,True,False
662,14.654172897338867,4.15,129.06,8.06,autopilot,False,True,False
663,14.67564344406128,4.2,129.14,8.07,autopilot,False,True,False
664,14.699832201004028,4.24,129.22,8.09,autopilot,False,True,False
665,14.721534967422485,4.3,129.33,8.11,autopilot,False,True,False
666,14.74263620376587,4.34,129.42,8.12,autopilot,False,True,False
667,14.763355016708374,4.38,129.51,8.14,autopilot,False,True,False
668,14.78510308265686,4.42,129.6,8.15,autopilot,False,True,False
669,14.809142112731934,4.45,129.69,8.17,autopilot,False,True,False
670,14.8316969871521,4.5,129.81,8.19,autopilot,False,True,False
671,14.853054285049438,4.53,129.9,8.2,autopilot,False,True,False
672,14.87369704246521,4.56,130.0,8.21,autopilot,False,True,False
673,14.894402503967285,4.58,130.09,8.23,autopilot,False,True,False
674,14.915158033370972,4.61,130.18,8.24,autopilot,False,True,False
675,14.936749458312988,4.63,130.28,8.25,autopilot,False,True,False
676,14.958421468734741,4.66,130.38,8.26,autopilot,False,True,False
677,14.979532957077026,4.68,130.48,8.28,autopilot,False,True,False
678,15.000999450683594,4.7,130.58,8.29,autopilot,False,True,False
679,15.021555423736572,4.72,130.68,8.3,autopilot,False,True,False
680,15.042173862457275,4.73,130.77,8.31,autopilot,False,True,False
681,15.065786838531494,4.75,130.88,8.32,autopilot,False,True,False
682,15.08884859085083,4.76,130.99,8.33,autopilot,False,True,False
683,15.109899759292603,4.78,131.09,8.34,autopilot,False,True,False
684,15.131592750549316,4.79,131.19,8.35,autopilot,False,True,False
685,15.152695655822754,4.8,131.3,8.36,autopilot,False,True,False
686,15.17310357093811,4.81,131.39,8.37,autopilot,False,True,False
687,15.193364143371582,4.82,131.49,8.38,autopilot,False,True,False
688,15.213871955871582,4.82,131.59,8.38,autopilot,False,True,False
689,15.234451532363892,4.83,131.69,8.39,autopilot,False,True,False
690,15.257033109664917,4.84,131.8,8.4,autopilot,False,True,False
691,15.28031873703003,4.84,131.91,8.41,autopilot,False,True,False
692,15.302871704101562,4.85,132.02,8.41,autopilot,False,True,False
693,15.323338747024536,4.85,132.12,8.42,autopilot,False,True,False
694,15.346494197845459,4.86,132.23,8.42,autopilot,False,True,False
695,15.368622064590454,4.86,132.34,8.43,autopilot,False,True,False
696,15.39052414894104,4.86,132.44,8.43,autopilot,False,True,False
697,15.411680698394775,4.87,132.55,8.44,autopilot,False,True,False
698,15.432590246200562,4.87,132.65,8.44,autopilot,False,True,False
699,15.453716039657593,4.87,132.75,8.45,autopilot,False,True,False
700,15.475378513336182,4.87,132.85,8.45,autopilot,False,True,False
701,15.49694299697876,4.87,132.96,8.45,autopilot,False,True,False
702,15.518362522125244,4.87,133.07,8.46,autopilot,False,True,False
703,15.539357423782349,4.87,133.17,8.46,autopilot,False,True,False
704,15.561389446258545,4.88,133.27,8.46,autopilot,False,True,False
705,15.582342863082886,4.88,133.38,8.46,autopilot,False,True,False
706,15.60370421409607,4.88,133.48,8.46,autopilot,False,True,False
707,15.624709367752075,4.88,133.58,8.46,autopilot,False,True,False
708,15.645593166351318,4.88,133.69,8.47,autopilot,False,True,False
709,15.666629076004028,4.88,133.79,8.47,autopilot,False,True,False
710,15.688534021377563,4.88,133.89,8.47,autopilot,False,True,False
711,15.709988355636597,4.88,133.99,8.47,autopilot,False,True,False
712,15.730871438980103,4.88,134.1,8.46,autopilot,False,True,False
713,15.753276824951172,4.88,134.21,8.46,autopilot,False,True,False
714,15.77466607093811,4.88,134.31,8.46,autopilot,False,True,False
715,15.79774785041809,4.88,134.43,8.46,autopilot,False,True,False
716,15.821186065673828,4.88,134.53,8.46,autopilot,False,True,False
717,15.841798543930054,4.88,134.64,8.45,autopilot,False,True,False
718,15.863248348236084,4.88,134.74,8.45,autopilot,False,True,False
719,15.884669542312622,4.88,134.85,8.45,autopilot,False,True,False
720,15.90714430809021,4.88,134.96,8.44,autopilot,False,True,False
721,15.929090738296509,4.88,135.07,8.44,autopilot,False,True,False
722,15.950624704360962,4.88,135.17,8.44,autopilot,False,True,False
723,15.973466873168945,4.88,135.28,8.43,autopilot,False,True,False
724,15.995476484298706,4.88,135.39,8.43,autopilot,False,True,False
725,16.01732039451599,4.88,135.5,8.42,autopilot,False,True,False
726,16.038665771484375,4.88,135.6,8.41,autopilot,False,True,False
727,16.06037402153015,4.88,135.7,8.41,autopilot,False,True,False
728,16.081995010375977,4.88,135.81,8.4,autopilot,False,True,False
729,16.103729963302612,4.88,135.92,8.4,autopilot,False,True,False
730,16.12501573562622,4.88,136.02,8.39,autopilot,False,True,False
731,16.14741086959839,4.88,136.13,8.38,autopilot,False,True,False
732,16.16896915435791,4.88,136.23,8.38,autopilot,False,True,False
733,16.19075608253479,4.88,136.34,8.37,autopilot,False,True,False
734,16.211609601974487,4.88,136.44,8.36,autopilot,False,True,False
735,16.23328471183777,4.88,136.55,8.35,autopilot,False,True,False
736,16.254873514175415,4.88,136.65,8.35,autopilot,False,True,False
737,16.275534629821777,4.88,136.75,8.34,autopilot,False,True,False
738,16.297260522842407,4.88,136.86,8.33,autopilot,False,True,False
739,16.31851577758789,4.88,136.96,8.33,autopilot,False,True,False
740,16.339266300201416,4.88,137.06,8.32,autopilot,False,True,False
741,16.36022639274597,4.88,137.17,8.31,autopilot,False,True,False
742,16.38233494758606,4.88,137.27,8.3,autopilot,False,True,False
743,16.40478801727295,4.88,137.38,8.3,autopilot,False,True,False
744,16.426327228546143,4.88,137.49,8.29,autopilot,False,True,False
745,16.44916605949402,4.88,137.6,8.28,autopilot,False,True,False
746,16.471651077270508,4.88,137.71,8.28,autopilot,False,True,False
747,16.493725299835205,4.88,137.81,8.27,autopilot,False,True,False
748,16.51572060585022,4.88,137.92,8.26,autopilot,False,True,False
749,16.537487983703613,4.87,138.03,8.25,autopilot,False,True,False
750,16.558985710144043,4.87,138.13,8.25,autopilot,False,True,False
751,16.581357717514038,4.87,138.24,8.24,autopilot,False,True,False
752,16.60178017616272,4.87,138.34,8.24,autopilot,False,True,False
753,16.624873876571655,4.87,138.45,8.23,autopilot,False,True,False
754,16.646496772766113,4.87,138.56,8.22,autopilot,False,True,False
755,16.66836643218994,4.87,138.66,8.22,autopilot,False,True,False
756,16.690088748931885,4.87,138.77,8.21,autopilot,False,True,False
757,16.710919857025146,4.87,138.87,8.21,autopilot,False,True,False
758,16.732197999954224,4.87,138.97,8.2,autopilot,False,True,False
759,16.752461671829224,4.87,139.07,8.19,autopilot,False,True,False
760,16.77284336090088,4.87,139.17,8.19,autopilot,False,True,False
761,16.794405698776245,4.87,139.27,8.18,autopilot,False,True,False
762,16.815346002578735,4.87,139.37,8.18,autopilot,False,True,False
763,16.836607694625854,4.87,139.48,8.17,autopilot,False,True,False
764,16.857916355133057,4.87,139.59,8.17,autopilot,False,True,False
765,16.87880516052246,4.87,139.69,8.17,autopilot,False,True,False
766,16.89955449104309,4.87,139.79,8.16,autopilot,False,True,False
767,16.920263528823853,4.87,139.89,8.16,autopilot,False,True,False
768,16.942978143692017,4.87,140.0,8.15,autopilot,False,True,False
769,16.965155124664307,4.87,140.11,8.15,autopilot,False,True,False
770,16.986541748046875,4.87,140.21,8.15,autopilot,False,True,False
771,17.006977796554565,4.87,140.31,8.14,autopilot,False,True,False
772,17.02803921699524,4.87,140.42,8.14,autopilot,False,True,False
773,17.050737619400024,4.87,140.53,8.14,autopilot,False,True,False
774,17.07391119003296,4.87,140.64,8.13,autopilot,False,True,False
775,17.096152305603027,4.87,140.75,8.13,autopilot,False,True,False
776,17.117932081222534,4.87,140.85,8.13,autopilot,False,True,False
777,17.138291120529175,4.87,140.95,8.12,autopilot,False,True,False
778,17.16083812713623,4.87,141.06,8.12,autopilot,False,True,False
779,17.183149099349976,4.87,141.17,8.12,autopilot,False,True,False
780,17.20388960838318,4.87,141.27,8.12,autopilot,False,True,False
781,17.226657390594482,4.87,141.38,8.11,autopilot,False,True,False
782,17.248926639556885,4.87,141.49,8.11,autopilot,False,True,False
783,17.271554231643677,4.87,141.6,8.11,autopilot,False,True,False
784,17.292295217514038,4.87,141.7,8.11,autopilot,False,True,False
785,17.315099239349365,4.87,141.81,8.1,autopilot,False,True,False
786,17.33756113052368,4.87,141.92,8.1,autopilot,False,True,False
787,17.358787775039673,4.87,142.03,8.1,autopilot,False,True,False
788,17.379908323287964,4.87,142.13,8.1,autopilot,False,True,False
789,17.400242567062378,4.87,142.23,8.1,autopilot,False,True,False
790,17.420570850372314,4.87,142.33,8.1,autopilot,False,True,False
791,17.441463947296143,4.87,142.43,8.1,autopilot,False,True,False
792,17.462329149246216,4.87,142.53,8.1,autopilot,False,True,False
793,17.483630895614624,4.87,142.63,8.09,autopilot,False,True,False
794,17.505040884017944,4.87,142.74,8.09,autopilot,False,True,False
795,17.526328325271606,4.87,142.84,8.09,autopilot,False,True,False
796,17.547144174575806,4.87,142.95,8.09,autopilot,False,True,False
797,17.568340301513672,4.87,143.05,8.09,autopilot,False,True,False
798,17.59013795852661,4.87,143.15,8.09,autopilot,False,True,False
799,17.610596895217896,4.87,143.25,8.09,autopilot,False,True,False
800,17.63228964805603,4.87,143.36,8.09,autopilot,False,True,False
801,17.654504776000977,4.87,143.47,8.09,autopilot,False,True,False
802,17.675544261932373,4.87,143.57,8.09,autopilot,False,True,False
803,17.698060750961304,4.87,143.65,8.09,autopilot,False,True,False
804,17.72029709815979,4.87,143.79,8.09,autopilot,False,True,False
805,17.743597745895386,4.87,143.89,8.09,autopilot,False,True,False
806,17.768208026885986,4.87,144.01,8.09,autopilot,False,True,False
807,17.789998769760132,4.87,144.13,8.09,autopilot,False,True,False
808,17.81276822090149,4.87,144.23,8.09,autopilot,False,True,False
809,17.833589792251587,4.87,144.34,8.09,autopilot,False,True,False
810,17.856043577194214,4.87,144.45,8.09,autopilot,False,True,False
811,17.878480434417725,4.87,144.56,8.09,autopilot,False,True,False
812,17.900848865509033,4.87,144.67,8.1,autopilot,False,True,False
813,17.921849250793457,4.87,144.77,8.1,autopilot,False,True,False
814,17.943093061447144,4.87,144.87,8.1,autopilot,False,True,False
815,17.964519023895264,4.87,144.98,8.1,autopilot,False,True,False
816,17.98790407180786,4.87,145.08,8.1,autopilot,False,True,False
817,18.009369611740112,4.87,145.2,8.1,autopilot,False,True,False
818,18.031152725219727,4.87,145.3,8.1,autopilot,False,True,False
819,18.053192853927612,4.87,145.41,8.1,autopilot,False,True,False
820,18.075010299682617,4.87,145.52,8.1,autopilot,False,True,False
821,18.096423387527466,4.87,145.62,8.1,autopilot,False,True,False
822,18.118074893951416,4.87,145.72,8.11,autopilot,False,True,False
823,18.13895010948181,4.87,145.83,8.11,autopilot,False,True,False
824,18.15928840637207,4.87,145.93,8.11,autopilot,False,True,False
825,18.180904150009155,4.87,146.03,8.11,autopilot,False,True,False
826,18.202024936676025,4.87,146.13,8.11,autopilot,False,True,False
827,18.222956895828247,4.87,146.24,8.11,autopilot,False,True,False
828,18.243239641189575,4.87,146.34,8.12,autopilot,False,True,False
829,18.263472318649292,4.87,146.44,8.12,autopilot,False,True,False
830,18.28575301170349,4.87,146.54,8.12,autopilot,False,True,False
831,18.307820558547974,4.87,146.65,8.12,autopilot,False,True,False
832,18.3280827999115,4.87,146.75,8.12,autopilot,False,True,False
833,18.35067105293274,4.87,146.86,8.12,autopilot,False,True,False
834,18.373205423355103,4.87,146.97,8.13,autopilot,False,True,False
835,18.393502473831177,4.87,147.07,8.13,autopilot,False,True,False
836,18.415422916412354,4.87,147.18,8.13,autopilot,False,True,False
837,18.437750577926636,4.87,147.28,8.13,autopilot,False,True,False
838,18.458571672439575,4.87,147.39,8.13,autopilot,False,True,False
839,18.479416847229004,4.87,147.49,8.14,autopilot,False,True,False
840,18.500372171401978,4.87,147.59,8.14,autopilot,False,True,False
841,18.521114110946655,4.87,147.69,8.14,autopilot,False,True,False
842,18.543226718902588,4.87,147.8,8.14,autopilot,False,True,False
843,18.564775705337524,4.87,147.9,8.14,autopilot,False,True,False
844,18.587016582489014,4.87,148.01,8.15,autopilot,False,True,False
845,18.607326984405518,4.87,148.11,8.15,autopilot,False,True,False
846,18.62944531440735,4.87,148.22,8.15,autopilot,False,True,False
847,18.650749683380127,4.87,148.32,8.15,autopilot,False,True,False
848,18.672806978225708,4.87,148.43,8.16,autopilot,False,True,False
849,18.698359727859497,4.87,148.52,8.16,autopilot,False,True,False
850,18.719709634780884,4.87,148.66,8.16,autopilot,False,True,False
851,18.740779161453247,4.87,148.76,8.16,autopilot,False,True,False
852,18.761380434036255,4.87,148.86,8.17,autopilot,False,True,False
853,18.781923294067383,4.87,148.96,8.17,autopilot,False,True,False
854,18.807594537734985,4.87,149.07,8.17,autopilot,False,True,False
855,18.830127000808716,4.87,149.19,8.17,autopilot,False,True,False
856,18.85194993019104,4.87,149.3,8.18,autopilot,False,True,False
857,18.872816801071167,4.87,149.4,8.18,autopilot,False,True,False
858,18.893362283706665,4.87,149.5,8.18,autopilot,False,True,False
859,18.913760662078857,4.87,149.6,8.18,autopilot,False,True,False
860,18.93472957611084,4.87,149.7,8.19,autopilot,False,True,False
861,18.957152366638184,4.87,149.81,8.19,autopilot,False,True,False
862,18.977797985076904,4.87,149.92,8.19,autopilot,False,True,False
863,18.998472452163696,4.87,150.02,8.2,autopilot,False,True,False
864,19.019344806671143,4.87,150.12,8.2,autopilot,False,True,False
865,19.040180206298828,4.87,150.22,8.2,autopilot,False,True,False
866,19.06129550933838,4.87,150.32,8.2,autopilot,False,True,False
867,19.08169722557068,4.87,150.42,8.21,autopilot,False,True,False
868,19.10260772705078,4.87,150.52,8.21,autopilot,False,True,False
869,19.123302936553955,4.87,150.62,8.21,autopilot,False,True,False
870,19.145970344543457,4.87,150.73,8.21,autopilot,False,True,False
871,19.16680121421814,4.87,150.83,8.22,autopilot,False,True,False
872,19.187467098236084,4.87,150.94,8.22,autopilot,False,True,False
873,19.21027183532715,4.87,151.04,8.22,autopilot,False,True,False
874,19.232532262802124,4.87,151.16,8.23,autopilot,False,True,False
875,19.254090547561646,4.87,151.26,8.23,autopilot,False,True,False
876,19.27584195137024,4.87,151.37,8.23,autopilot,False,True,False
877,19.296324253082275,4.87,151.47,8.23,autopilot,False,True,False
878,19.317132472991943,4.87,151.57,8.24,autopilot,False,True,False
879,19.33795714378357,4.87,151.67,8.24,autopilot,False,True,False
880,19.35964846611023,4.87,151.78,8.24,autopilot,False,True,False
881,19.38056468963623,4.87,151.87,8.25,autopilot,False,True,False
882,19.401153087615967,4.87,151.98,8.25,autopilot,False,True,False
883,19.42194676399231,4.87,152.08,8.25,autopilot,False,True,False
884,19.442341566085815,4.87,152.18,8.25,autopilot,False,True,False
885,19.46314287185669,4.87,152.28,8.26,autopilot,False,True,False
886,19.483635425567627,4.87,152.38,8.26,autopilot,False,True,False
887,19.50424838066101,4.87,152.48,8.26,autopilot,False,True,False
888,19.526179790496826,4.87,152.59,8.27,autopilot,False,True,False
889,19.546634197235107,4.87,152.69,8.27,autopilot,False,True,False
890,19.56807541847229,4.87,152.79,8.27,autopilot,False,True,False
891,19.588480234146118,4.87,152.89,8.27,autopilot,False,True,False
892,19.60924243927002,4.87,152.99,8.28,autopilot,False,True,False
893,19.63018012046814,4.87,153.09,8.28,autopilot,False,True,False
894,19.65128445625305,4.87,153.2,8.28,autopilot,False,True,False
895,19.672606706619263,4.87,153.3,8.29,autopilot,False,True,False
896,19.696861267089844,4.87,153.39,8.29,autopilot,False,True,False
897,19.7173113822937,4.87,153.52,8.29,autopilot,False,True,False
898,19.73915934562683,4.87,153.62,8.29,autopilot,False,True,False
899,19.760554313659668,4.87,153.73,8.3,autopilot,False,True,False
900,19.78136396408081,4.87,153.83,8.3,autopilot,False,True,False
901,19.801759958267212,4.87,153.93,8.3,autopilot,False,True,False
902,19.823151350021362,4.87,154.03,8.31,autopilot,False,True,False
903,19.844048500061035,4.87,154.13,8.31,autopilot,False,True,False
904,19.865355253219604,4.87,154.24,8.31,autopilot,False,True,False
905,19.886598110198975,4.87,154.34,8.32,autopilot,False,True,False
906,19.90837550163269,4.87,154.45,8.32,autopilot,False,True,False
907,19.929635047912598,4.87,154.55,8.32,autopilot,False,True,False
908,19.95098352432251,4.87,154.66,8.32,autopilot,False,True,False
909,19.971908807754517,4.87,154.76,8.33,autopilot,False,True,False
910,19.99420475959778,4.87,154.87,8.33,autopilot,False,True,False
911,20.01496386528015,4.87,154.97,8.33,autopilot,False,True,False
912,20.03556728363037,4.87,155.07,8.34,autopilot,False,True,False
913,20.056273460388184,4.87,155.17,8.34,autopilot,False,True,False
914,20.077247858047485,4.87,155.27,8.34,autopilot,False,True,False
915,20.0996675491333,4.87,155.38,8.34,autopilot,False,True,False
916,20.120423316955566,4.87,155.48,8.35,autopilot,False,True,False
917,20.142614603042603,4.87,155.59,8.35,autopilot,False,True,False
918,20.163891792297363,4.87,155.69,8.35,autopilot,False,True,False
919,20.184714555740356,4.87,155.79,8.36,autopilot,False,True,False
920,20.206949949264526,4.87,155.9,8.36,autopilot,False,True,False
921,20.2275550365448,4.87,156.0,8.36,autopilot,False,True,False
922,20.249207973480225,4.87,156.11,8.37,autopilot,False,True,False
923,20.27085566520691,4.87,156.21,8.37,autopilot,False,True,False
924,20.29257321357727,4.87,156.32,8.37,autopilot,False,True,False
925,20.313937664031982,4.87,156.42,8.37,autopilot,False,True,False
926,20.335562229156494,4.87,156.53,8.38,autopilot,False,True,False
927,20.357096433639526,4.87,156.64,8.38,autopilot,False,True,False
928,20.378328561782837,4.87,156.74,8.38,autopilot,False,True,False
929,20.399688243865967,4.87,156.84,8.39,autopilot,False,True,False
930,20.421807050704956,4.87,156.95,8.39,autopilot,False,True,False
931,20.443026542663574,4.87,157.05,8.39,autopilot,False,True,False
932,20.465323448181152,4.87,157.16,8.39,autopilot,False,True,False
933,20.487738370895386,4.87,157.27,8.4,autopilot,False,True,False
934,20.508466958999634,4.87,157.37,8.4,autopilot,False,True,False
935,20.529215812683105,4.87,157.47,8.4,autopilot,False,True,False
936,20.54952597618103,4.87,157.57,8.41,autopilot,False,True,False
937,20.570456743240356,4.87,157.67,8.41,autopilot,False,True,False
938,20.591687440872192,4.87,157.78,8.41,autopilot,False,True,False
939,20.612075567245483,4.87,157.88,8.41,autopilot,False,True,False
940,20.64206624031067,4.87,157.94,8.42,autopilot,False,True,False
941,20.662349224090576,4.87,158.12,8.42,autopilot,False,True,False
942,20.685181856155396,4.87,158.23,8.42,autopilot,False,True,False
943,20.70678448677063,4.87,158.34,8.43,autopilot,False,True,False
944,20.7271785736084,4.87,158.44,8.43,autopilot,False,True,False
945,20.749907970428467,4.87,158.54,8.43,autopilot,False,True,False
946,20.771875619888306,4.87,158.65,8.44,autopilot,False,True,False
947,20.792760610580444,4.87,158.75,8.44,autopilot,False,True,False
948,20.81593656539917,4.87,158.86,8.44,autopilot,False,True,False
949,20.837405681610107,4.87,158.97,8.44,autopilot,False,True,False
950,20.85948085784912,4.87,159.08,8.45,autopilot,False,True,False
951,20.88038969039917,4.87,159.18,8.45,autopilot,False,True,False
952,20.90168857574463,4.87,159.28,8.45,autopilot,False,True,False
953,20.923434734344482,4.87,159.39,8.46,autopilot,False,True,False
954,20.943735122680664,4.87,159.49,8.46,autopilot,False,True,False
955,20.965856790542603,4.87,159.6,8.46,autopilot,False,True,False
956,20.98690938949585,4.87,159.7,8.46,autopilot,False,True,False
957,21.008687257766724,4.87,159.81,8.47,autopilot,False,True,False
958,21.029909133911133,4.87,159.91,8.47,autopilot,False,True,False
959,21.05139923095703,4.87,160.02,8.47,autopilot,False,True,False
960,21.072359561920166,4.87,160.12,8.48,autopilot,False,True,False
961,21.093754529953003,4.87,160.22,8.48,autopilot,False,True,False
962,21.114699363708496,4.87,160.33,8.48,autopilot,False,True,False
963,21.135823965072632,4.87,160.43,8.48,autopilot,False,True,False
964,21.157031059265137,4.87,160.53,8.49,autopilot,False,True,False
965,21.178386449813843,4.87,160.63,8.49,autopilot,False,True,False
966,21.19891095161438,4.87,160.74,8.49,autopilot,False,True,False
967,21.219372987747192,4.87,160.83,8.49,autopilot,False,True,False
968,21.241363048553467,4.87,160.94,8.5,autopilot,False,True,False
969,21.261908292770386,4.87,161.04,8.5,autopilot,False,True,False
970,21.282248497009277,4.87,161.14,8.5,autopilot,False,True,False
971,21.30324125289917,4.87,161.24,8.5,autopilot,False,True,False
972,21.324393272399902,4.87,161.35,8.51,autopilot,False,True,False
973,21.344863891601562,4.87,161.45,8.51,autopilot,False,True,False
974,21.365739345550537,4.87,161.54,8.51,autopilot,False,True,False
975,21.386268377304077,4.87,161.65,8.51,autopilot,False,True,False
976,21.40679144859314,4.87,161.75,8.52,autopilot,False,True,False
977,21.42842960357666,4.87,161.85,8.52,autopilot,False,True,False
978,21.44951629638672,4.87,161.96,8.52,autopilot,False,True,False
979,21.471479177474976,4.87,162.06,8.53,autopilot,False,True,False
980,21.493618965148926,4.87,162.17,8.53,autopilot,False,True,False
981,21.51540446281433,4.87,162.28,8.53,autopilot,False,True,False
982,21.536940813064575,4.87,162.38,8.53,autopilot,False,True,False
983,21.558918237686157,4.87,162.49,8.54,autopilot,False,True,False
984,21.579418420791626,4.87,162.59,8.54,autopilot,False,True,False
985,21.599961757659912,4.87,162.69,8.54,autopilot,False,True,False
986,21.620891094207764,4.87,162.79,8.54,autopilot,False,True,False
987,21.641437292099,4.87,162.89,8.55,autopilot,False,True,False
988,21.663334608078003,4.87,163.0,8.55,autopilot,False,True,False
989,21.684781074523926,4.87,163.1,8.55,autopilot,False,True,False
990,21.707191467285156,4.87,163.21,8.55,autopilot,False,True,False
991,21.728492259979248,4.87,163.31,8.56,autopilot,False,True,False
992,21.748925924301147,4.87,163.42,8.56,autopilot,False,True,False
993,21.769458770751953,4.87,163.52,8.56,autopilot,False,True,False
994,21.791032552719116,4.87,163.62,8.56,autopilot,False,True,False
995,21.8134765625,4.87,163.73,8.57,autopilot,False,True,False
996,21.835425853729248,4.87,163.84,8.57,autopilot,False,True,False
997,21.856881380081177,4.87,163.94,8.57,autopilot,False,True,False
998,21.877765417099,4.87,164.04,8.57,autopilot,False,True,False
999,21.89884114265442,4.87,164.14,8.58,autopilot,False,True,False
1000,21.92100214958191,4.87,164.25,8.58,autopilot,False,True,False
1001,21.94157075881958,4.87,164.35,8.58,autopilot,False,True,False
1002,21.963850736618042,4.87,164.46,8.58,autopilot,False,True,False
1003,21.98424196243286,4.87,164.56,8.59,autopilot,False,True,False
1004,22.00513482093811,4.87,164.66,8.59,autopilot,False,True,False
1005,22.0273015499115,4.87,164.77,8.59,autopilot,False,True,False
1006,22.04889965057373,4.87,164.87,8.59,autopilot,False,True,False
1007,22.069963216781616,4.87,164.98,8.6,autopilot,False,True,False
1008,22.091822147369385,4.87,165.09,8.6,autopilot,False,True,False
1009,22.112139225006104,4.87,165.18,8.6,autopilot,False,True,False
1010,22.13394594192505,4.87,165.29,8.6,autopilot,False,True,False
1011,22.15596342086792,4.87,165.4,8.61,autopilot,False,True,False
1012,22.176921844482422,4.87,165.5,8.61,autopilot,False,True,False
1013,22.19736671447754,4.87,165.6,8.61,autopilot,False,True,False
1014,22.219263315200806,4.87,165.71,8.61,autopilot,False,True,False
1015,22.241421461105347,4.87,165.81,8.62,autopilot,False,True,False
1016,22.262316942214966,4.87,165.92,8.62,autopilot,False,True,False
1017,22.28336501121521,4.87,166.02,8.62,autopilot,False,True,False
1018,22.3051335811615,4.87,166.12,8.62,autopilot,False,True,False
1019,22.327049016952515,4.87,166.23,8.63,autopilot,False,True,False
1020,22.348565340042114,4.87,166.33,8.63,autopilot,False,True,False
1021,22.369447231292725,4.87,166.43,8.63,autopilot,False,True,False
1022,22.39106321334839,4.87,166.54,8.63,autopilot,False,True,False
1023,22.41253638267517,4.87,166.65,8.64,autopilot,False,True,False
1024,22.433902502059937,4.87,166.75,8.64,autopilot,False,True,False
1025,22.455962657928467,4.87,166.86,8.64,autopilot,False,True,False
1026,22.4769127368927,4.87,166.96,8.64,autopilot,False,True,False
1027,22.497414112091064,4.87,167.06,8.65,autopilot,False,True,False
1028,22.518864631652832,4.87,167.16,8.65,autopilot,False,True,False
1029,22.53937602043152,4.87,167.27,8.65,autopilot,False,True,False
1030,22.56006669998169,4.87,167.37,8.65,autopilot,False,True,False
1031,22.58055830001831,4.87,167.47,8.66,autopilot,False,True,False
1032,22.601106643676758,4.87,167.57,8.66,autopilot,False,True,False
1033,22.622125387191772,4.87,167.67,8.66,autopilot,False,True,False
1034,22.64290189743042,4.87,167.77,8.66,autopilot,False,True,False
1035,22.663419246673584,4.87,167.87,8.67,autopilot,False,True,False
1036,22.683928966522217,4.87,167.97,8.67,autopilot,False,True,False
1037,22.706231355667114,4.87,168.07,8.67,autopilot,False,True,False
1038,22.72810196876526,4.87,168.19,8.67,autopilot,False,True,False
1039,22.749913930892944,4.87,168.29,8.68,autopilot,False,True,False
1040,22.771806716918945,4.87,168.4,8.68,autopilot,False,True,False
1041,22.793774604797363,4.87,168.5,8.68,autopilot,False,True,False
1042,22.816205978393555,4.87,168.61,8.68,autopilot,False,True,False
1043,22.83812713623047,4.87,168.72,8.69,autopilot,False,True,False
1044,22.858619928359985,4.87,168.82,8.69,autopilot,False,True,False
1045,22.87935972213745,4.87,168.92,8.69,autopilot,False,True,False
1046,22.89991855621338,4.87,169.02,8.69,autopilot,False,True,False
1047,22.92095375061035,4.87,169.12,8.69,autopilot,False,True,False
1048,22.942739009857178,4.87,169.23,8.7,autopilot,False,True,False
1049,22.964606285095215,4.87,169.34,8.7,autopilot,False,True,False
1050,22.986939191818237,4.87,169.44,8.7,autopilot,False,True,False
1051,23.008004188537598,4.87,169.55,8.7,autopilot,False,True,False
1052,23.02968454360962,4.87,169.65,8.71,autopilot,False,True,False
1053,23.05117678642273,4.87,169.76,8.71,autopilot,False,True,False
1054,23.072042226791382,4.87,169.86,8.71,autopilot,False,True,False
1055,23.094260454177856,4.87,169.97,8.71,autopilot,False,True,False
1056,23.115788459777832,4.87,170.07,8.72,autopilot,False,True,False
1057,23.136947870254517,4.87,170.18,8.72,autopilot,False,True,False
1058,23.157634973526,4.87,170.28,8.72,autopilot,False,True,False
1059,23.178475856781006,4.87,170.38,8.72,autopilot,False,True,False
1060,23.199005603790283,4.87,170.48,8.73,autopilot,False,True,False
1061,23.219482898712158,4.87,170.58,8.73,autopilot,False,True,False
1062,23.24136734008789,4.87,170.69,8.73,autopilot,False,True,False
1063,23.263660430908203,4.87,170.79,8.73,autopilot,False,True,False
1064,23.2850182056427,4.87,170.9,8.74,autopilot,False,True,False
1065,23.305980443954468,4.87,171.0,8.74,autopilot,False,True,False
1066,23.32642889022827,4.87,171.1,8.74,autopilot,False,True,False
1067,23.34693193435669,4.87,171.2,8.74,autopilot,False,True,False
1068,23.367634773254395,4.87,171.3,8.74,autopilot,False,True,False
1069,23.388937950134277,4.87,171.4,8.75,autopilot,False,True,False
1070,23.410789728164673,4.87,171.51,8.75,autopilot,False,True,False
1071,23.431137800216675,4.87,171.61,8.75,autopilot,False,True,False
1072,23.452512741088867,4.87,171.71,8.75,autopilot,False,True,False
1073,23.472933530807495,4.87,171.81,8.76,autopilot,False,True,False
1074,23.49330449104309,4.87,171.91,8.76,autopilot,False,True,False
1075,23.514216423034668,4.87,172.01,8.76,autopilot,False,True,False
1076,23.5360369682312,4.87,172.12,8.76,autopilot,False,True,False
1077,23.55779266357422,4.87,172.23,8.77,autopilot,False,True,False
1078,23.57962703704834,4.87,172.33,8.77,autopilot,False,True,False
1079,23.60146427154541,4.87,172.44,8.77,autopilot,False,True,False
1080,23.623245000839233,4.87,172.55,8.77,autopilot,False,True,False
1081,23.644989013671875,4.87,172.65,8.78,autopilot,False,True,False
1082,23.666362524032593,4.87,172.76,8.78,autopilot,False,True,False
1083,23.68808650970459,4.87,172.86,8.78,autopilot,False,True,False
1084,23.709864139556885,4.87,172.97,8.78,autopilot,False,True,False
1085,23.73183584213257,4.87,173.07,8.78,autopilot,False,True,False
1086,23.752073764801025,4.87,173.17,8.79,autopilot,False,True,False
1087,23.77242946624756,4.87,173.27,8.79,autopilot,False,True,False
1088,23.794021606445312,4.87,173.38,8.79,autopilot,False,True,False
1089,23.815727472305298,4.87,173.48,8.79,autopilot,False,True,False
1090,23.836963415145874,4.87,173.59,8.8,autopilot,False,True,False
1091,23.858667850494385,4.87,173.69,8.8,autopilot,False,True,False
1092,23.87943744659424,4.87,173.79,8.8,autopilot,False,True,False
1093,23.89975142478943,4.87,173.89,8.8,autopilot,False,True,False
1094,23.920060873031616,4.87,173.99,8.81,autopilot,False,True,False
1095,23.942107677459717,4.87,174.1,8.81,autopilot,False,True,False
1096,23.962836980819702,4.87,174.2,8.81,autopilot,False,True,False
1097,23.98353886604309,4.87,174.3,8.81,autopilot,False,True,False
1098,24.00480842590332,4.87,174.4,8.81,autopilot,False,True,False
1099,24.02594256401062,4.87,174.51,8.82,autopilot,False,True,False
1100,24.04686951637268,4.87,174.61,8.82,autopilot,False,True,False
1101,24.06864094734192,4.87,174.71,8.82,autopilot,False,True,False
1102,24.09081721305847,4.87,174.82,8.82,autopilot,False,True,False
1103,24.11124038696289,4.87,174.92,8.83,autopilot,False,True,False
1104,24.131558895111084,4.87,175.02,8.83,autopilot,False,True,False
1105,24.152084589004517,4.87,175.12,8.83,autopilot,False,True,False
1106,24.172826290130615,4.87,175.22,8.83,autopilot,False,True,False
1107,24.1945378780365,4.87,175.33,8.83,autopilot,False,True,False
1108,24.21523880958557,4.87,175.43,8.84,autopilot,False,True,False
1109,24.23699712753296,4.87,175.54,8.84,autopilot,False,True,False
1110,24.258304834365845,4.87,175.64,8.84,autopilot,False,True,False
1111,24.279555082321167,4.87,175.74,8.84,autopilot,False,True,False
1112,24.300724506378174,4.87,175.85,8.85,autopilot,False,True,False
1113,24.32246708869934,4.87,175.95,8.85,autopilot,False,True,False
1114,24.343912601470947,4.87,176.06,8.85,autopilot,False,True,False
1115,24.36493420600891,4.87,176.16,8.85,autopilot,False,True,False
1116,24.386369705200195,4.87,176.26,8.85,autopilot,False,True,False
1117,24.407676935195923,4.87,176.37,8.86,autopilot,False,True,False
1118,24.429540157318115,4.87,176.47,8.86,autopilot,False,True,False
1119,24.451178550720215,4.87,176.58,8.86,autopilot,False,True,False
1120,24.472323179244995,4.87,176.68,8.86,autopilot,False,True,False
1121,24.494049310684204,4.87,176.79,8.87,autopilot,False,True,False
1122,24.51556372642517,4.87,176.89,8.87,autopilot,False,True,False
1123,24.53622579574585,4.87,176.99,8.87,autopilot,False,True,False
1124,24.55820894241333,4.87,177.1,8.87,autopilot,False,True,False
1125,24.57893705368042,4.87,177.2,8.88,autopilot,False,True,False
1126,24.6008038520813,4.87,177.31,8.88,autopilot,False,True,False
1127,24.62247633934021,4.87,177.41,8.88,autopilot,False,True,False
1128,24.642807722091675,4.87,177.51,8.88,autopilot,False,True,False
1129,24.664490461349487,4.87,177.62,8.88,autopilot,False,True,False
1130,24.685844659805298,4.87,177.72,8.89,autopilot,False,True,False
1131,24.706538915634155,4.87,177.82,8.89,autopilot,False,True,False
1132,24.727805614471436,4.87,177.93,8.89,autopilot,False,True,False
1133,24.74994707107544,4.87,178.03,8.89,autopilot,False,True,False
1134,24.771968364715576,4.87,178.14,8.9,autopilot,False,True,False
1135,24.792548894882202,4.87,178.24,8.9,autopilot,False,True,False
1136,24.815468072891235,4.87,178.35,8.9,autopilot,False,True,False
1137,24.83668041229248,4.87,178.46,8.9,autopilot,False,True,False
1138,24.857096910476685,4.87,178.56,8.9,autopilot,False,True,False
1139,24.87879967689514,4.87,178.66,8.91,autopilot,False,True,False
1140,24.899333953857422,4.87,178.76,8.91,autopilot,False,True,False
1141,24.919935703277588,4.87,178.86,8.91,autopilot,False,True,False
1142,24.941103219985962,4.87,178.97,8.91,autopilot,False,True,False
1143,24.962459802627563,4.87,179.07,8.91,autopilot,False,True,False
1144,24.98398447036743,4.87,179.17,8.92,autopilot,False,True,False
1145,25.004739999771118,4.87,179.28,8.92,autopilot,False,True,False
1146,25.025529623031616,4.87,179.38,8.92,autopilot,False,True,False
1147,25.047202825546265,4.87,179.48,8.92,autopilot,False,True,False
1148,25.068357706069946,4.87,179.59,8.93,autopilot,False,True,False
1149,25.090078115463257,4.87,179.69,8.93,autopilot,False,True,False
1150,25.11072015762329,4.87,179.79,8.93,autopilot,False,True,False
1151,25.131861448287964,4.87,179.89,8.93,autopilot,False,True,False
1152,25.152155876159668,4.87,179.99,8.93,autopilot,False,True,False
1153,25.17273712158203,4.87,180.09,8.94,autopilot,False,True,False
1154,25.19323182106018,4.87,180.19,8.94,autopilot,False,True,False
1155,25.21410632133484,4.87,180.3,8.94,autopilot,False,True,False
1156,25.23468852043152,4.87,180.4,8.94,autopilot,False,True,False
1157,25.25608468055725,4.87,180.5,8.94,autopilot,False,True,False
1158,25.276813745498657,4.87,180.6,8.95,autopilot,False,True,False
1159,25.297120809555054,4.87,180.7,8.95,autopilot,False,True,False
1160,25.318124771118164,4.87,180.8,8.95,autopilot,False,True,False
1161,25.339332818984985,4.87,180.91,8.95,autopilot,False,True,False
1162,25.36017084121704,4.87,181.01,8.96,autopilot,False,True,False
1163,25.38080859184265,4.87,181.11,8.96,autopilot,False,True,False
1164,25.401576042175293,4.87,181.21,8.96,autopilot,False,True,False
1165,25.422443151474,4.87,181.31,8.96,autopilot,False,True,False
1166,25.4442720413208,4.87,181.42,8.96,autopilot,False,True,False
1167,25.466134786605835,4.87,181.52,8.97,autopilot,False,True,False
1168,25.487950325012207,4.87,181.63,8.97,autopilot,False,True,False
1169,25.509397745132446,4.87,181.73,8.97,autopilot,False,True,False
1170,25.530221462249756,4.87,181.84,8.97,autopilot,False,True,False
1171,25.550713300704956,4.87,181.94,8.97,autopilot,False,True,False
1172,25.5712993144989,4.87,182.04,8.98,autopilot,False,True,False
1173,25.59170627593994,4.87,182.14,8.98,autopilot,False,True,False
1174,25.61377739906311,4.87,182.24,8.98,autopilot,False,True,False
1175,25.63469362258911,4.87,182.35,8.98,autopilot,False,True,False
1176,25.656833171844482,4.87,182.45,8.98,autopilot,False,True,False
1177,25.677955389022827,4.87,182.56,8.99,autopilot,False,True,False
1178,25.699511766433716,4.87,182.66,8.99,autopilot,False,True,False
1179,25.720614194869995,4.87,182.76,8.99,autopilot,False,True,False
1180,25.7409348487854,4.87,182.86,8.99,autopilot,False,True,False
1181,25.76158380508423,4.87,182.96,8.99,autopilot,False,True,False
1182,25.782692909240723,4.87,183.07,9.0,autopilot,False,True,False
1183,25.807555437088013,4.87,183.17,9.0,autopilot,False,True,False
1184,25.828115701675415,4.87,183.29,9.0,autopilot,False,True,False
1185,25.848946571350098,4.87,183.39,9.0,autopilot,False,True,False
1186,25.870266675949097,4.87,183.49,9.01,autopilot,False,True,False
1187,25.89144468307495,4.87,183.6,9.01,autopilot,False,True,False
1188,25.91225576400757,4.87,183.7,9.01,autopilot,False,True,False
1189,25.93296480178833,4.87,183.8,9.01,autopilot,False,True,False
1190,25.9538094997406,4.87,183.9,9.01,autopilot,False,True,False
1191,25.97462034225464,4.87,184.0,9.02,autopilot,False,True,False
1192,25.996095180511475,4.87,184.1,9.02,autopilot,False,True,False
1193,26.01655125617981,4.87,184.2,9.02,autopilot,False,True,False
1194,26.038164377212524,4.87,184.31,9.02,autopilot,False,True,False
1195,26.05967402458191,4.87,184.42,9.02,autopilot,False,True,False
1196,26.0816068649292,4.87,184.52,9.03,autopilot,False,True,False
1197,26.102214336395264,4.87,184.62,9.03,autopilot,False,True,False
1198,26.122615337371826,4.87,184.72,9.03,autopilot,False,True,False
1199,26.143752098083496,4.87,184.83,9.03,autopilot,False,True,False
1200,26.1647732257843,4.87,184.93,9.03,autopilot,False,True,False
1201,26.184964418411255,4.87,185.03,9.04,autopilot,False,True,False
1202,26.205780744552612,4.87,185.13,9.04,autopilot,False,True,False
1203,26.226362943649292,4.87,185.23,9.04,autopilot,False,True,False
1204,26.247031688690186,4.87,185.33,9.04,autopilot,False,True,False
1205,26.2686448097229,4.87,185.43,9.04,autopilot,False,True,False
1206,26.28927445411682,4.87,185.53,9.05,autopilot,False,True,False
1207,26.309957027435303,4.87,185.63,9.05,autopilot,False,True,False
1208,26.330907821655273,4.87,185.74,9.05,autopilot,False,True,False
1209,26.352471351623535,4.87,185.84,9.05,autopilot,False,True,False
1210,26.374255418777466,4.87,185.95,9.05,autopilot,False,True,False
1211,26.395041465759277,4.87,186.05,9.06,autopilot,False,True,False
1212,26.416112422943115,4.87,186.15,9.06,autopilot,False,True,False
1213,26.436859846115112,4.87,186.25,9.06,autopilot,False,True,False
1214,26.457425594329834,4.87,186.35,9.06,autopilot,False,True,False
1215,26.47845220565796,4.87,186.46,9.06,autopilot,False,True,False
1216,26.499037981033325,4.87,186.56,9.07,autopilot,False,True,False
1217,26.51992654800415,4.87,186.66,9.07,autopilot,False,True,False
1218,26.540706634521484,4.87,186.76,9.07,autopilot,False,True,False
1219,26.561917781829834,4.87,186.86,9.07,autopilot,False,True,False
1220,26.583123207092285,4.87,186.97,9.07,autopilot,False,True,False
1221,26.60527801513672,4.87,187.07,9.08,autopilot,False,True,False
1222,26.62633991241455,4.87,187.18,9.08,autopilot,False,True,False
1223,26.647573947906494,4.87,187.28,9.08,autopilot,False,True,False
1224,26.669178009033203,4.87,187.38,9.08,autopilot,False,True,False
1225,26.690744638442993,4.87,187.49,9.08,autopilot,False,True,False
1226,26.711214303970337,4.87,187.59,9.09,autopilot,False,True,False
1227,26.731740474700928,4.87,187.69,9.09,autopilot,False,True,False
1228,26.75199818611145,4.87,187.79,9.09,autopilot,False,True,False
1229,26.772594213485718,4.87,187.89,9.09,autopilot,False,True,False
1230,26.794601440429688,4.87,187.99,9.09,autopilot,False,True,False
1231,26.815101861953735,4.87,188.09,9.1,autopilot,False,True,False
1232,26.83657169342041,4.87,188.2,9.1,autopilot,False,True,False
1233,26.85712766647339,4.87,188.3,9.1,autopilot,False,True,False
1234,26.877697944641113,4.87,188.4,9.1,autopilot,False,True,False
1235,26.898880004882812,4.87,188.5,9.1,autopilot,False,True,False
1236,26.92026710510254,4.87,188.61,9.11,autopilot,False,True,False
1237,26.941834926605225,4.87,188.71,9.11,autopilot,False,True,False
1238,26.963284254074097,4.87,188.82,9.11,autopilot,False,True,False
1239,26.98383927345276,4.87,188.92,9.11,autopilot,False,True,False
1240,27.00584316253662,4.87,189.02,9.11,autopilot,False,True,False
1241,27.02664017677307,4.87,189.13,9.12,autopilot,False,True,False
1242,27.0482234954834,4.87,189.23,9.12,autopilot,False,True,False
1243,27.068705558776855,4.87,189.33,9.12,autopilot,False,True,False
1244,27.089778900146484,4.87,189.43,9.12,autopilot,False,True,False
1245,27.111302852630615,4.87,189.54,9.12,autopilot,False,True,False
1246,27.132019996643066,4.87,189.64,9.13,autopilot,False,True,False
1247,27.153090715408325,4.87,189.74,9.13,autopilot,False,True,False
1248,27.174185514450073,4.87,189.84,9.13,autopilot,False,True,False
1249,27.19486355781555,4.87,189.95,9.13,autopilot,False,True,False
1250,27.21597456932068,4.87,190.05,9.13,autopilot,False,True,False
1251,27.237016677856445,4.87,190.15,9.14,autopilot,False,True,False
1252,27.25764012336731,4.87,190.25,9.14,autopilot,False,True,False
1253,27.278257608413696,4.87,190.35,9.14,autopilot,False,True,False
1254,27.298837423324585,4.87,190.45,9.14,autopilot,False,True,False
1255,27.319342851638794,4.87,190.55,9.14,autopilot,False,True,False
1256,27.340827703475952,4.87,190.66,9.14,autopilot,False,True,False
1257,27.361963510513306,4.87,190.76,9.15,autopilot,False,True,False
1258,27.383493661880493,4.87,190.87,9.15,autopilot,False,True,False
1259,27.405125617980957,4.87,190.97,9.15,autopilot,False,True,False
1260,27.42634081840515,4.87,191.07,9.15,autopilot,False,True,False
1261,27.44797706604004,4.87,191.18,9.15,autopilot,False,True,False
1262,27.469586849212646,4.87,191.28,9.16,autopilot,False,True,False
1263,27.490800142288208,4.87,191.39,9.16,autopilot,False,True,False
1264,27.512431144714355,4.87,191.49,9.16,autopilot,False,True,False
1265,27.533788681030273,4.87,191.6,9.16,autopilot,False,True,False
1266,27.554417610168457,4.87,191.7,9.16,autopilot,False,True,False
1267,27.575628519058228,4.87,191.8,9.17,autopilot,False,True,False
1268,27.596349239349365,4.87,191.9,9.17,autopilot,False,True,False
1269,27.618204593658447,4.87,192.01,9.17,autopilot,False,True,False
1270,27.638456106185913,4.87,192.11,9.17,autopilot,False,True,False
1271,27.6600399017334,4.87,192.21,9.17,autopilot,False,True,False
1272,27.681612253189087,4.87,192.32,9.18,autopilot,False,True,False
1273,27.703508615493774,4.87,192.42,9.18,autopilot,False,True,False
1274,27.72512650489807,4.87,192.53,9.18,autopilot,False,True,False
1275,27.745872735977173,4.87,192.63,9.18,autopilot,False,True,False
1276,27.766985654830933,4.87,192.73,9.18,autopilot,False,True,False
1277,27.78774094581604,4.87,192.84,9.19,autopilot,False,True,False
1278,27.808154821395874,4.87,192.91,9.19,autopilot,False,True,False
1279,27.829404592514038,4.87,193.04,9.19,autopilot,False,True,False
1280,27.85127067565918,4.87,193.14,9.19,autopilot,False,True,False
1281,27.87218141555786,4.87,193.25,9.19,autopilot,False,True,False
1282,27.89317226409912,4.87,193.35,9.2,autopilot,False,True,False
1283,27.91395401954651,4.87,193.45,9.2,autopilot,False,True,False
1284,27.935835361480713,4.87,193.55,9.2,autopilot,False,True,False
1285,27.95624542236328,4.87,193.66,9.2,autopilot,False,True,False
1286,27.977580308914185,4.87,193.76,9.2,autopilot,False,True,False
1287,27.998857975006104,4.87,193.86,9.21,autopilot,False,True,False
1288,28.019587755203247,4.87,193.97,9.21,autopilot,False,True,False
1289,28.040738821029663,4.87,194.07,9.21,autopilot,False,True,False
1290,28.061288118362427,4.87,194.17,9.21,autopilot,False,True,False
1291,28.081775665283203,4.87,194.27,9.21,autopilot,False,True,False
1292,28.10294008255005,4.87,194.37,9.21,autopilot,False,True,False
1293,28.12321949005127,4.87,194.47,9.22,autopilot,False,True,False
1294,28.14527988433838,4.87,194.57,9.22,autopilot,False,True,False
1295,28.166481494903564,4.87,194.68,9.22,autopilot,False,True,False
1296,28.187123775482178,4.87,194.78,9.22,autopilot,False,True,False
1297,28.208416223526,4.87,194.88,9.22,autopilot,False,True,False
1298,28.230092763900757,4.87,194.99,9.23,autopilot,False,True,False
1299,28.250311851501465,4.87,195.09,9.23,autopilot,False,True,False
1300,28.27200675010681,4.87,195.19,9.23,autopilot,False,True,False
1301,28.293073177337646,4.87,195.3,9.23,autopilot,False,True,False
1302,28.313700675964355,4.87,195.4,9.23,autopilot,False,True,False
1303,28.335012435913086,4.87,195.5,9.24,autopilot,False,True,False
1304,28.356517553329468,4.87,195.6,9.24,autopilot,False,True,False
1305,28.378240823745728,4.87,195.71,9.24,autopilot,False,True,False
1306,28.399463653564453,4.87,195.82,9.24,autopilot,False,True,False
1307,28.420017957687378,4.87,195.91,9.24,autopilot,False,True,False
1308,28.4405677318573,4.87,196.02,9.24,autopilot,False,True,False
1309,28.46147871017456,4.87,196.12,9.25,autopilot,False,True,False
1310,28.48249053955078,4.87,196.22,9.25,autopilot,False,True,False
1311,28.503134727478027,4.87,196.32,9.25,autopilot,False,True,False
1312,28.52479600906372,4.87,196.43,9.25,autopilot,False,True,False
1313,28.546422243118286,4.87,196.53,9.25,autopilot,False,True,False
1314,28.5680193901062,4.87,196.63,9.26,autopilot,False,True,False
1315,28.589204788208008,4.87,196.74,9.26,autopilot,False,True,False
1316,28.610695123672485,4.87,196.84,9.26,autopilot,False,True,False
1317,28.63170576095581,4.87,196.95,9.26,autopilot,False,True,False
1318,28.652362823486328,4.87,197.05,9.26,autopilot,False,True,False
1319,28.673745155334473,4.87,197.15,9.27,autopilot,False,True,False
1320,28.696855783462524,4.87,197.24,9.27,autopilot,False,True,False
1321,28.717423915863037,4.87,197.36,9.27,autopilot,False,True,False
1322,28.738094806671143,4.87,197.46,9.27,autopilot,False,True,False
1323,28.759669065475464,4.87,197.57,9.27,autopilot,False,True,False
1324,28.78125524520874,4.87,197.68,9.28,autopilot,False,True,False
1325,28.807312726974487,4.87,197.78,9.28,autopilot,False,True,False
1326,28.828006505966187,4.87,197.9,9.28,autopilot,False,True,False
1327,28.84909415245056,4.87,198.0,9.28,autopilot,False,True,False
1328,28.87077569961548,4.87,198.11,9.28,autopilot,False,True,False
1329,28.89113140106201,4.87,198.21,9.29,autopilot,False,True,False
1330,28.911810636520386,4.87,198.31,9.29,autopilot,False,True,False
1331,28.933325052261353,4.87,198.42,9.29,autopilot,False,True,False
1332,28.95482897758484,4.87,198.52,9.29,autopilot,False,True,False
1333,28.975783586502075,4.87,198.62,9.29,autopilot,False,True,False
1334,28.997320652008057,4.87,198.73,9.29,autopilot,False,True,False
1335,29.018789529800415,4.87,198.83,9.3,autopilot,False,True,False
1336,29.039305210113525,4.87,198.93,9.3,autopilot,False,True,False
1337,29.059753894805908,4.87,199.03,9.3,autopilot,False,True,False
1338,29.081199407577515,4.87,199.14,9.3,autopilot,False,True,False
1339,29.10268235206604,4.87,199.24,9.3,autopilot,False,True,False
1340,29.123396396636963,4.87,199.34,9.31,autopilot,False,True,False
1341,29.144840717315674,4.87,199.45,9.31,autopilot,False,True,False
1342,29.165814876556396,4.87,199.55,9.31,autopilot,False,True,False
1343,29.18737244606018,4.87,199.65,9.31,autopilot,False,True,False
1344,29.208141326904297,4.87,199.75,9.31,autopilot,False,True,False
1345,29.229301929473877,4.87,199.86,9.32,autopilot,False,True,False
1346,29.250672340393066,4.87,199.96,9.32,autopilot,False,True,False
1347,29.272157669067383,4.87,200.07,9.32,autopilot,False,True,False
1348,29.292848825454712,4.87,200.17,9.32,autopilot,False,True,False
1349,29.31413745880127,4.87,200.27,9.32,autopilot,False,True,False
1350,29.334718942642212,4.87,200.37,9.32,autopilot,False,True,False
1351,29.355692148208618,4.87,200.47,9.33,autopilot,False,True,False
1352,29.377310276031494,4.87,200.58,9.33,autopilot,False,True,False
1353,29.3976948261261,4.87,200.68,9.33,autopilot,False,True,False
1354,29.41919207572937,4.87,200.78,9.33,autopilot,False,True,False
1355,29.440786123275757,4.87,200.89,9.33,autopilot,False,True,False
1356,29.46212673187256,4.87,200.99,9.34,autopilot,False,True,False
1357,29.484074354171753,4.87,201.1,9.34,autopilot,False,True,False
1358,29.505112171173096,4.87,201.2,9.34,autopilot,False,True,False
1359,29.52605390548706,4.87,201.3,9.34,autopilot,False,True,False
1360,29.54758858680725,4.87,201.41,9.34,autopilot,False,True,False
1361,29.56886076927185,4.87,201.51,9.35,autopilot,False,True,False
1362,29.590760707855225,4.87,201.62,9.35,autopilot,False,True,False
1363,29.612744331359863,4.87,201.72,9.35,autopilot,False,True,False
1364,29.634143114089966,4.87,201.83,9.35,autopilot,False,True,False
1365,29.655193090438843,4.87,201.93,9.35,autopilot,False,True,False
1366,29.67632555961609,4.87,202.04,9.36,autopilot,False,True,False
1367,29.698490858078003,4.87,202.14,9.36,autopilot,False,True,False
1368,29.718945026397705,4.87,202.24,9.36,autopilot,False,True,False
1369,29.739983797073364,4.87,202.35,9.36,autopilot,False,True,False
1370,29.76142978668213,4.87,202.45,9.36,autopilot,False,True,False
1371,29.78238821029663,4.87,202.55,9.36,autopilot,False,True,False
1372,29.807382106781006,4.87,202.65,9.37,autopilot,False,True,False
1373,29.829066276550293,4.87,202.77,9.37,autopilot,False,True,False
1374,29.851097106933594,4.87,202.89,9.37,autopilot,False,True,False
1375,29.872064113616943,4.87,202.99,9.37,autopilot,False,True,False
1376,29.89300036430359,4.87,203.09,9.37,autopilot,False,True,False
1377,29.91425895690918,4.87,203.2,9.38,autopilot,False,True,False
1378,29.93523669242859,4.87,203.3,9.38,autopilot,False,True,False
1379,29.956028938293457,4.87,203.4,9.38,autopilot,False,True,False
1380,29.97642230987549,4.87,203.5,9.38,autopilot,False,True,False
1381,29.997769832611084,4.87,203.6,9.38,autopilot,False,True,False
1382,30.019132614135742,4.87,203.7,9.39,autopilot,False,True,False
1383,30.04052734375,4.87,203.81,9.39,autopilot,False,True,False
1384,30.06141495704651,4.87,203.91,9.39,autopilot,False,True,False
1385,30.082195520401,4.87,204.01,9.39,autopilot,False,True,False
1386,30.102879762649536,4.87,204.11,9.39,autopilot,False,True,False
1387,30.12317967414856,4.87,204.21,9.39,autopilot,False,True,False
1388,30.143914937973022,4.87,204.31,9.4,autopilot,False,True,False
1389,30.165185689926147,4.87,204.42,9.4,autopilot,False,True,False
1390,30.186031579971313,4.87,204.52,9.4,autopilot,False,True,False
1391,30.20684051513672,4.87,204.62,9.4,autopilot,False,True,False
1392,30.22753882408142,4.87,204.72,9.4,autopilot,False,True,False
1393,30.248471975326538,4.87,204.82,9.41,autopilot,False,True,False
1394,30.26937961578369,4.87,204.93,9.41,autopilot,False,True,False
1395,30.290525436401367,4.87,205.03,9.41,autopilot,False,True,False
1396,30.310883283615112,4.87,205.13,9.41,autopilot,False,True,False
1397,30.331335067749023,4.87,205.23,9.41,autopilot,False,True,False
1398,30.352144956588745,4.87,205.33,9.41,autopilot,False,True,False
1399,30.3735830783844,4.87,205.43,9.42,autopilot,False,True,False
1400,30.393852710723877,4.87,205.53,9.42,autopilot,False,True,False
1401,30.41428279876709,4.87,205.63,9.42,autopilot,False,True,False
1402,30.435585975646973,4.87,205.74,9.42,autopilot,False,True,False
1403,30.456180572509766,4.87,205.84,9.42,autopilot,False,True,False
1404,30.47747039794922,4.87,205.94,9.43,autopilot,False,True,False
1405,30.497957706451416,4.87,206.04,9.43,autopilot,False,True,False
1406,30.518642902374268,4.87,206.14,9.43,autopilot,False,True,False
1407,30.53980851173401,4.87,206.24,9.43,autopilot,False,True,False
1408,30.561098098754883,4.87,206.35,9.43,autopilot,False,True,False
1409,30.582786798477173,4.87,206.45,9.44,autopilot,False,True,False
1410,30.603473663330078,4.87,206.55,9.44,autopilot,False,True,False
1411,30.624686241149902,4.87,206.66,9.44,autopilot,False,True,False
1412,30.64519214630127,4.87,206.76,9.44,autopilot,False,True,False
1413,30.6669602394104,4.87,206.86,9.44,autopilot,False,True,False
1414,30.68761706352234,4.87,206.96,9.44,autopilot,False,True,False
1415,30.709181785583496,4.87,207.07,9.45,autopilot,False,True,False
1416,30.72973942756653,4.87,207.17,9.45,autopilot,False,True,False
1417,30.750396013259888,4.87,207.27,9.45,autopilot,False,True,False
1418,30.771645069122314,4.87,207.37,9.45,autopilot,False,True,False
1419,30.792844772338867,4.87,207.47,9.45,autopilot,False,True,False
1420,30.814955711364746,4.87,207.58,9.46,autopilot,False,True,False
1421,30.83661460876465,4.87,207.69,9.46,autopilot,False,True,False
1422,30.857316255569458,4.87,207.79,9.46,autopilot,False,True,False
1423,30.878092765808105,4.87,207.89,9.46,autopilot,False,True,False
1424,30.89971613883972,4.87,207.99,9.46,autopilot,False,True,False
1425,30.92125129699707,4.87,208.1,9.46,autopilot,False,True,False
1426,30.942848920822144,4.87,208.21,9.47,autopilot,False,True,False
1427,30.963096380233765,4.87,208.31,9.47,autopilot,False,True,False
1428,30.983683347702026,4.87,208.41,9.47,autopilot,False,True,False
1429,31.004894495010376,4.87,208.51,9.47,autopilot,False,True,False
1430,31.02606511116028,4.87,208.61,9.47,autopilot,False,True,False
1431,31.047812700271606,4.87,208.72,9.48,autopilot,False,True,False
1432,31.06920337677002,4.87,208.82,9.48,autopilot,False,True,False
1433,31.09038782119751,4.87,208.92,9.48,autopilot,False,True,False
1434,31.111354112625122,4.87,209.03,9.48,autopilot,False,True,False
1435,31.132302045822144,4.87,209.13,9.48,autopilot,False,True,False
1436,31.15326762199402,4.87,209.23,9.49,autopilot,False,True,False
1437,31.173837661743164,4.87,209.33,9.49,autopilot,False,True,False
1438,31.195440530776978,4.87,209.44,9.49,autopilot,False,True,False
1439,31.216343641281128,4.87,209.54,9.49,autopilot,False,True,False
1440,31.237003087997437,4.87,209.64,9.49,autopilot,False,True,False
1441,31.258121013641357,4.87,209.74,9.49,autopilot,False,True,False
1442,31.278960943222046,4.87,209.85,9.5,autopilot,False,True,False
1443,31.2996563911438,4.87,209.95,9.5,autopilot,False,True,False
1444,31.32077646255493,4.87,210.05,9.5,autopilot,False,True,False
1445,31.34237027168274,4.87,210.15,9.5,autopilot,False,True,False
1446,31.36283802986145,4.87,210.25,9.5,autopilot,False,True,False
1447,31.383299827575684,4.87,210.35,9.51,autopilot,False,True,False
1448,31.40471076965332,4.87,210.46,9.51,autopilot,False,True,False
1449,31.425718545913696,4.87,210.56,9.51,autopilot,False,True,False
1450,31.447195053100586,4.87,210.66,9.51,autopilot,False,True,False
1451,31.467662572860718,4.87,210.76,9.51,autopilot,False,True,False
1452,31.48921775817871,4.87,210.87,9.51,autopilot,False,True,False
1453,31.509538412094116,4.87,210.97,9.52,autopilot,False,True,False
1454,31.53017544746399,4.87,211.07,9.52,autopilot,False,True,False
1455,31.551393508911133,4.87,211.17,9.52,autopilot,False,True,False
1456,31.572750091552734,4.87,211.28,9.52,autopilot,False,True,False
1457,31.594085931777954,4.87,211.38,9.52,autopilot,False,True,False
1458,31.615257501602173,4.87,211.48,9.53,autopilot,False,True,False
1459,31.63650131225586,4.87,211.59,9.53,autopilot,False,True,False
1460,31.65772294998169,4.87,211.69,9.53,autopilot,False,True,False
1461,31.67824697494507,4.87,211.79,9.53,autopilot,False,True,False
1462,31.69974946975708,4.87,211.89,9.53,autopilot,False,True,False
1463,31.721405267715454,4.87,212.0,9.54,autopilot,False,True,False
1464,31.742331743240356,4.87,212.1,9.54,autopilot,False,True,False
1465,31.763097524642944,4.87,212.2,9.54,autopilot,False,True,False
1466,31.783684015274048,4.87,212.3,9.54,autopilot,False,True,False
1467,31.80684518814087,4.87,212.4,9.54,autopilot,False,True,False
1468,31.827561378479004,4.87,212.52,9.54,autopilot,False,True,False
1469,31.848869800567627,4.87,212.62,9.55,autopilot,False,True,False
1470,31.869451761245728,4.87,212.72,9.55,autopilot,False,True,False
1471,31.89097833633423,4.87,212.83,9.55,autopilot,False,True,False
1472,31.91179347038269,4.87,212.93,9.55,autopilot,False,True,False
1473,31.932947635650635,4.87,213.03,9.55,autopilot,False,True,False
1474,31.953714609146118,4.87,213.13,9.56,autopilot,False,True,False
1475,31.97435188293457,4.87,213.23,9.56,autopilot,False,True,False
1476,31.99502205848694,4.87,213.33,9.56,autopilot,False,True,False
1477,32.01561617851257,4.87,213.43,9.56,autopilot,False,True,False
1478,32.03642272949219,4.87,213.53,9.56,autopilot,False,True,False
1479,32.05721163749695,4.87,213.64,9.56,autopilot,False,True,False
1480,32.07845091819763,4.87,213.74,9.57,autopilot,False,True,False
1481,32.0995671749115,4.87,213.84,9.57,autopilot,False,True,False
1482,32.12031126022339,4.87,213.94,9.57,autopilot,False,True,False
1483,32.14127492904663,4.87,214.05,9.57,autopilot,False,True,False
1484,32.162466287612915,4.87,214.15,9.57,autopilot,False,True,False
1485,32.183515548706055,4.87,214.25,9.58,autopilot,False,True,False
1486,32.20434308052063,4.87,214.35,9.58,autopilot,False,True,False
1487,32.22554397583008,4.87,214.46,9.58,autopilot,False,True,False
1488,32.24628710746765,4.87,214.56,9.58,autopilot,False,True,False
1489,32.267515897750854,4.87,214.66,9.58,autopilot,False,True,False
1490,32.288268089294434,4.87,214.76,9.58,autopilot,False,True,False
1491,32.309311628341675,4.87,214.86,9.59,autopilot,False,True,False
1492,32.33029532432556,4.87,214.97,9.59,autopilot,False,True,False
1493,32.35081887245178,4.87,215.07,9.59,autopilot,False,True,False
1494,32.3718318939209,4.87,215.17,9.59,autopilot,False,True,False
1495,32.39340424537659,4.87,215.27,9.59,autopilot,False,True,False
1496,32.41441893577576,4.87,215.38,9.6,autopilot,False,True,False
1497,32.43509006500244,4.87,215.48,9.6,autopilot,False,True,False
1498,32.4568989276886,4.87,215.58,9.6,autopilot,False,True,False
1499,32.47770285606384,4.87,215.69,9.6,autopilot,False,True,False
1500,32.49908089637756,4.87,215.79,9.6,autopilot,False,True,False
1501,32.51950645446777,4.87,215.89,9.6,autopilot,False,True,False
1502,32.54062628746033,4.87,215.99,9.61,autopilot,False,True,False
1503,32.5611310005188,4.87,216.09,9.61,autopilot,False,True,False
1504,32.58170771598816,4.87,216.19,9.61,autopilot,False,True,False
1505,32.6022572517395,4.87,216.29,9.61,autopilot,False,True,False
1506,32.62270259857178,4.87,216.39,9.61,autopilot,False,True,False
1507,32.64321160316467,4.87,216.49,9.62,autopilot,False,True,False
1508,32.66388487815857,4.87,216.59,9.62,autopilot,False,True,False
1509,32.685460567474365,4.87,216.7,9.62,autopilot,False,True,False
1510,32.70582842826843,4.87,216.8,9.62,autopilot,False,True,False
1511,32.72687602043152,4.87,216.9,9.62,autopilot,False,True,False
1512,32.74831247329712,4.87,217.0,9.62,autopilot,False,True,False
1513,32.7689208984375,4.87,217.1,9.63,autopilot,False,True,False
1514,32.78997802734375,4.87,217.21,9.63,autopilot,False,True,False
1515,32.810452699661255,4.87,217.31,9.63,autopilot,False,True,False
1516,32.832244634628296,4.87,217.41,9.63,autopilot,False,True,False
1517,32.853435754776,4.87,217.52,9.63,autopilot,False,True,False
1518,32.87438917160034,4.87,217.62,9.63,autopilot,False,True,False
1519,32.89564490318298,4.87,217.72,9.64,autopilot,False,True,False
1520,32.91612148284912,4.87,217.82,9.64,autopilot,False,True,False
1521,32.93690228462219,4.87,217.92,9.64,autopilot,False,True,False
1522,32.958441734313965,4.87,218.03,9.64,autopilot,False,True,False
1523,32.97897148132324,4.87,218.13,9.64,autopilot,False,True,False
1524,32.999950885772705,4.87,218.23,9.65,autopilot,False,True,False
1525,33.020763635635376,4.87,218.33,9.65,autopilot,False,True,False
1526,33.041505575180054,4.87,218.43,9.65,autopilot,False,True,False
1527,33.06240653991699,4.87,218.53,9.65,autopilot,False,True,False
1528,33.08337187767029,4.87,218.64,9.65,autopilot,False,True,False
1529,33.10403800010681,4.87,218.74,9.65,autopilot,False,True,False
1530,33.12459659576416,4.87,218.84,9.66,autopilot,False,True,False
1531,33.14544653892517,4.87,218.94,9.66,autopilot,False,True,False
1532,33.16578936576843,4.87,219.04,9.66,autopilot,False,True,False
1533,33.187461853027344,4.87,219.14,9.66,autopilot,False,True,False
1534,33.208261489868164,4.87,219.24,9.66,autopilot,False,True,False
1535,33.2296621799469,4.87,219.35,9.66,autopilot,False,True,False
1536,33.25108766555786,4.87,219.45,9.67,autopilot,False,True,False
1537,33.27237105369568,4.87,219.56,9.67,autopilot,False,True,False
1538,33.2928204536438,4.87,219.66,9.67,autopilot,False,True,False
1539,33.313074350357056,4.87,219.75,9.67,autopilot,False,True,False
1540,33.333566665649414,4.87,219.86,9.67,autopilot,False,True,False
1541,33.354496002197266,4.87,219.96,9.68,autopilot,False,True,False
1542,33.37578272819519,4.87,220.06,9.68,autopilot,False,True,False
1543,33.39661717414856,4.87,220.16,9.68,autopilot,False,True,False
1544,33.417176246643066,4.87,220.26,9.68,autopilot,False,True,False
1545,33.43803524971008,4.87,220.36,9.68,autopilot,False,True,False
1546,33.45918679237366,4.87,220.47,9.68,autopilot,False,True,False
1547,33.48036003112793,4.87,220.57,9.69,autopilot,False,True,False
1548,33.50059270858765,4.87,220.67,9.69,autopilot,False,True,False
1549,33.521634578704834,4.87,220.77,9.69,autopilot,False,True,False
1550,33.54283380508423,4.87,220.87,9.69,autopilot,False,True,False
1551,33.56331944465637,4.87,220.97,9.69,autopilot,False,True,False
1552,33.584720611572266,4.87,221.08,9.69,autopilot,False,True,False
1553,33.60570740699768,4.87,221.18,9.7,autopilot,False,True,False
1554,33.626338481903076,4.87,221.28,9.7,autopilot,False,True,False
1555,33.64697265625,4.87,221.38,9.7,autopilot,False,True,False
1556,33.667898416519165,4.87,221.48,9.7,autopilot,False,True,False
1557,33.68933820724487,4.87,221.59,9.7,autopilot,False,True,False
1558,33.709643602371216,4.87,221.69,9.71,autopilot,False,True,False
1559,33.73034620285034,4.87,221.79,9.71,autopilot,False,True,False
1560,33.75077724456787,4.87,221.89,9.71,autopilot,False,True,False
1561,33.77209496498108,4.87,221.99,9.71,autopilot,False,True,False
1562,33.79334306716919,4.87,222.09,9.71,autopilot,False,True,False
1563,33.814653396606445,4.87,222.19,9.71,autopilot,False,True,False
1564,33.83568477630615,4.87,222.3,9.72,autopilot,False,True,False
1565,33.85685920715332,4.87,222.4,9.72,autopilot,False,True,False
1566,33.877904176712036,4.87,222.51,9.72,autopilot,False,True,False
1567,33.89883208274841,4.87,222.61,9.72,autopilot,False,True,False
1568,33.919365882873535,4.87,222.71,9.72,autopilot,False,True,False
1569,33.940077781677246,4.87,222.81,9.72,autopilot,False,True,False
1570,33.96073293685913,4.87,222.91,9.73,autopilot,False,True,False
1571,33.981303453445435,4.87,223.01,9.73,autopilot,False,True,False
1572,34.00228810310364,4.87,223.11,9.73,autopilot,False,True,False
1573,34.02280783653259,4.87,223.21,9.73,autopilot,False,True,False
1574,34.04338026046753,4.87,223.31,9.73,autopilot,False,True,False
1575,34.06449580192566,4.87,223.42,9.73,autopilot,False,True,False
1576,34.08553910255432,4.87,223.52,9.74,autopilot,False,True,False
1577,34.10675549507141,4.87,223.62,9.74,autopilot,False,True,False
1578,34.127862215042114,4.87,223.72,9.74,autopilot,False,True,False
1579,34.14885592460632,4.87,223.83,9.74,autopilot,False,True,False
1580,34.16951942443848,4.87,223.93,9.75,autopilot,False,True,False
1581,34.190648555755615,4.87,224.03,9.75,autopilot,False,True,False
1582,34.21131253242493,4.87,224.13,9.75,autopilot,False,True,False
1583,34.23184156417847,4.87,224.23,9.75,autopilot,False,True,False
1584,34.25235652923584,4.87,224.33,9.76,autopilot,False,True,False
1585,34.27334213256836,4.87,224.43,9.76,autopilot,False,True,False
1586,34.2944757938385,4.87,224.54,9.77,autopilot,False,True,False
1587,34.31493854522705,4.87,224.64,9.77,autopilot,False,True,False
1588,34.33588147163391,4.87,224.74,9.78,autopilot,False,True,False
1589,34.35653066635132,4.87,224.84,9.78,autopilot,False,True,False
1590,34.37694954872131,4.86,224.94,9.79,autopilot,False,True,False
1591,34.3977484703064,4.86,225.04,9.8,autopilot,False,True,False
1592,34.41856408119202,4.86,225.14,9.81,autopilot,False,True,False
1593,34.438992500305176,4.86,225.24,9.82,autopilot,False,True,False
1594,34.45930004119873,4.85,225.33,9.83,autopilot,False,True,False
1595,34.48078155517578,4.85,225.44,9.84,autopilot,False,True,False
1596,34.501144886016846,4.85,225.54,9.85,autopilot,False,True,False
1597,34.521995306015015,4.84,225.64,9.87,autopilot,False,True,False
1598,34.542492389678955,4.84,225.73,9.88,autopilot,False,True,False
1599,34.56334662437439,4.83,225.83,9.9,autopilot,False,True,False
1600,34.584203004837036,4.83,225.93,9.92,autopilot,False,True,False
1601,34.60503029823303,4.82,226.03,9.94,autopilot,False,True,False
1602,34.625630617141724,4.82,226.13,9.96,autopilot,False,True,False
1603,34.64651966094971,4.81,226.22,9.98,autopilot,False,True,False
1604,34.66762447357178,4.81,226.32,10.01,autopilot,False,True,False
1605,34.688092947006226,4.8,226.42,10.04,autopilot,False,True,False
1606,34.709001779556274,4.8,226.51,10.06,autopilot,False,True,False
1607,34.73036289215088,4.79,226.61,10.09,autopilot,False,True,False
1608,34.75157928466797,4.79,226.7,10.13,autopilot,False,True,False
1609,34.7725465297699,4.78,226.8,10.16,autopilot,False,True,False
1610,34.79363131523132,4.78,226.89,10.2,autopilot,False,True,False
1611,34.814833879470825,4.77,226.98,10.23,autopilot,False,True,False
1612,34.83644342422485,4.77,227.08,10.27,autopilot,False,True,False
1613,34.85754418373108,4.77,227.17,10.31,autopilot,False,True,False
1614,34.87879681587219,4.77,227.26,10.36,autopilot,False,True,False
1615,34.89931893348694,4.76,227.35,10.4,autopilot,False,True,False
1616,34.92015719413757,4.76,227.43,10.44,autopilot,False,True,False
1617,34.941394567489624,4.76,227.52,10.49,autopilot,False,True,False
1618,34.96256732940674,4.76,227.61,10.54,autopilot,False,True,False
1619,34.983320236206055,4.76,227.69,10.59,autopilot,False,True,False
